timeStamp, Temperature, Pressure, Humidity, Wind_Speed, Wind_Direction 
MQTT --- 2021/10/24__10:47:26, 12.40, 72.74, 1007.86, 0.00, 181, 
MQTT --- 2021/10/24__10:47:27, 12.67, 72.69, 1007.91, 0.00, 180, 
MQTT --- 2021/10/24__10:47:28, 12.69, 72.63, 1007.90, 0.00, 180, 
MQTT --- 2021/10/24__10:47:29, 12.69, 72.58, 1007.91, 0.00, 180, 
MQTT --- 2021/10/24__10:47:30, 12.70, 72.54, 1007.90, 0.00, 180, 
MQTT --- 2021/10/24__10:47:31, 12.70, 72.52, 1007.89, 4.92, 180, 
MQTT --- 2021/10/24__10:47:32, 12.71, 72.48, 1007.92, 4.69, 180, 
MQTT --- 2021/10/24__10:47:33, 12.71, 72.46, 1007.91, 4.03, 180, 
MQTT --- 2021/10/24__10:47:34, 12.71, 72.45, 1007.91, 3.37, 180, 
MQTT --- 2021/10/24__10:47:35, 12.71, 72.44, 1007.89, 2.93, 180, 
MQTT --- 2021/10/24__10:47:36, 12.71, 72.45, 1007.90, 2.49, 180, 
MQTT --- 2021/10/24__10:47:37, 12.72, 72.45, 1007.89, 2.27, 180, 
MQTT --- 2021/10/24__10:47:38, 12.72, 72.45, 1007.91, 2.05, 180, 
MQTT --- 2021/10/24__10:47:39, 12.72, 72.46, 1007.94, 2.05, 180, 
MQTT --- 2021/10/24__10:47:40, 12.73, 72.43, 1007.91, 1.83, 180, 
MQTT --- 2021/10/24__10:47:41, 12.72, 72.42, 1007.91, 1.61, 185, 
MQTT --- 2021/10/24__10:47:42, 12.72, 72.42, 1007.93, 1.39, 180, 
MQTT --- 2021/10/24__10:47:43, 12.73, 72.42, 1007.92, 1.39, 180, 
MQTT --- 2021/10/24__10:47:44, 12.73, 72.41, 1007.90, 1.17, 180, 
MQTT --- 2021/10/24__10:47:45, 12.73, 72.44, 1007.94, 1.17, 180, 
MQTT --- 2021/10/24__10:47:46, 12.74, 72.37, 1007.94, 0.95, 180, 
MQTT --- 2021/10/24__10:47:47, 12.74, 72.37, 1007.94, 0.73, 180, 
MQTT --- 2021/10/24__10:47:48, 12.73, 72.34, 1007.92, 0.95, 180, 
MQTT --- 2021/10/24__10:47:49, 12.74, 72.33, 1007.93, 0.73, 180, 
MQTT --- 2021/10/24__10:47:50, 12.73, 72.32, 1007.95, 0.73, 180, 
MQTT --- 2021/10/24__10:47:51, 12.73, 72.30, 1007.95, 0.51, 180, 
MQTT --- 2021/10/24__10:47:52, 12.74, 72.30, 1007.95, 0.29, 180, 
MQTT --- 2021/10/24__10:47:53, 12.74, 72.28, 1007.96, 0.51, 180, 
timeStamp, Temperature, Pressure, Humidity, Wind_Speed, Wind_Direction 
MQTT --- 2021/10/24__10:59:50, 157.44, 80.42, 1267.76, 0.00, 180, 
MQTT --- 2021/10/24__10:59:51, 157.67, 80.34, 1267.68, 0.00, 180, 
MQTT --- 2021/10/24__10:59:52, 157.70, 80.27, 1267.68, 0.00, 180, 
MQTT --- 2021/10/24__10:59:53, 157.71, 80.23, 1267.69, 0.00, 180, 
MQTT --- 2021/10/24__10:59:54, 157.71, 80.20, 1267.65, 0.00, 180, 
MQTT --- 2021/10/24__10:59:55, 157.73, 80.16, 1267.68, 0.00, 180, 
MQTT --- 2021/10/24__10:59:56, 157.72, 80.15, 1267.66, 0.00, 180, 
MQTT --- 2021/10/24__10:59:57, 157.73, 80.14, 1267.66, 0.00, 180, 
MQTT --- 2021/10/24__10:59:59, 157.73, 80.12, 1267.64, 0.00, 180, 
MQTT --- 2021/10/24__11:0:0, 157.74, 80.11, 1267.64, 0.00, 180, 
MQTT --- 2021/10/24__11:0:1, 157.74, 80.09, 1267.66, 0.00, 180, 
MQTT --- 2021/10/24__11:0:2, 157.74, 80.08, 1267.60, 0.00, 180, 
MQTT --- 2021/10/24__11:0:3, 157.74, 80.10, 1267.61, 0.00, 180, 
MQTT --- 2021/10/24__11:0:4, 157.75, 80.08, 1267.66, 0.00, 180, 
MQTT --- 2021/10/24__11:0:5, 157.74, 80.10, 1267.60, 0.00, 180, 
MQTT --- 2021/10/24__11:0:6, 157.75, 80.10, 1267.64, 0.00, 180, 
MQTT --- 2021/10/24__11:0:7, 157.75, 80.08, 1267.64, 0.00, 180, 
MQTT --- 2021/10/24__11:0:8, 157.75, 80.08, 1267.66, 0.00, 180, 
MQTT --- 2021/10/24__11:0:9, 157.75, 80.08, 1267.63, 0.00, 180, 
MQTT --- 2021/10/24__11:0:10, 157.76, 80.08, 1267.63, 0.00, 180, 
MQTT --- 2021/10/24__11:0:11, 157.77, 80.11, 1267.63, 0.00, 180, 
MQTT --- 2021/10/24__11:0:12, 157.77, 80.16, 1267.65, 0.00, 180, 
MQTT --- 2021/10/24__11:0:13, 157.77, 80.17, 1267.65, 0.00, 180, 
MQTT --- 2021/10/24__11:0:14, 157.76, 80.15, 1267.66, 0.00, 180, 
MQTT --- 2021/10/24__11:0:15, 157.76, 80.14, 1267.65, 0.00, 180, 
MQTT --- 2021/10/24__11:0:16, 157.77, 80.14, 1267.66, 0.00, 180, 
MQTT --- 2021/10/24__11:0:17, 157.77, 80.16, 1267.61, 0.00, 180, 
MQTT --- 2021/10/24__11:0:18, 157.77, 80.17, 1267.67, 0.00, 180, 
MQTT --- 2021/10/24__11:0:19, 157.77, 80.17, 1267.63, 0.00, 180, 
MQTT --- 2021/10/24__11:0:20, 157.77, 80.18, 1267.65, 0.00, 180, 
MQTT --- 2021/10/24__11:0:21, 157.77, 80.16, 1267.65, 0.00, 180, 
MQTT --- 2021/10/24__11:0:22, 157.77, 80.14, 1267.64, 0.00, 180, 
MQTT --- 2021/10/24__11:0:23, 157.78, 80.11, 1267.62, 0.00, 180, 
MQTT --- 2021/10/24__11:0:24, 157.77, 80.10, 1267.65, 0.00, 180, 
MQTT --- 2021/10/24__11:0:25, 157.77, 80.08, 1267.66, 0.00, 180, 
MQTT --- 2021/10/24__11:0:26, 157.77, 80.07, 1267.67, 0.00, 180, 
MQTT --- 2021/10/24__11:0:27, 157.77, 80.07, 1267.64, 0.00, 180, 
MQTT --- 2021/10/24__11:0:28, 157.77, 80.08, 1267.66, 0.00, 180, 
MQTT --- 2021/10/24__11:0:29, 157.76, 80.07, 1267.64, 0.00, 180, 
MQTT --- 2021/10/24__11:0:30, 157.76, 80.07, 1267.66, 0.00, 180, 
MQTT --- 2021/10/24__11:0:31, 157.76, 80.07, 1267.63, 0.00, 180, 
MQTT --- 2021/10/24__11:0:32, 157.77, 80.04, 1267.66, 0.00, 180, 
MQTT --- 2021/10/24__11:0:33, 157.76, 80.06, 1267.65, 0.00, 180, 
MQTT --- 2021/10/24__11:0:34, 157.76, 80.04, 1267.68, 0.00, 180, 
MQTT --- 2021/10/24__11:0:35, 157.76, 80.04, 1267.68, 0.00, 180, 
MQTT --- 2021/10/24__11:0:36, 157.76, 80.03, 1267.65, 0.00, 180, 
MQTT --- 2021/10/24__11:0:37, 157.75, 80.03, 1267.65, 0.00, 180, 
MQTT --- 2021/10/24__11:0:38, 157.76, 80.01, 1267.65, 0.00, 180, 
MQTT --- 2021/10/24__11:0:39, 157.76, 80.01, 1267.64, 0.00, 180, 
MQTT --- 2021/10/24__11:0:40, 157.76, 80.01, 1267.65, 0.00, 180, 
MQTT --- 2021/10/24__11:0:41, 157.76, 80.00, 1267.63, 0.00, 180, 
MQTT --- 2021/10/24__11:0:42, 157.76, 80.00, 1267.64, 0.00, 180, 
MQTT --- 2021/10/24__11:0:43, 157.76, 80.00, 1267.65, 0.00, 180, 
MQTT --- 2021/10/24__11:0:44, 157.76, 79.99, 1267.63, 0.00, 180, 
MQTT --- 2021/10/24__11:0:45, 157.77, 79.99, 1267.66, 0.00, 180, 
MQTT --- 2021/10/24__11:0:46, 157.75, 79.99, 1267.64, 0.00, 180, 
MQTT --- 2021/10/24__11:0:47, 157.78, 79.98, 1267.63, 0.00, 180, 
MQTT --- 2021/10/24__11:0:48, 157.77, 79.98, 1267.65, 0.00, 180, 
MQTT --- 2021/10/24__11:0:49, 157.76, 79.96, 1267.61, 0.00, 180, 
MQTT --- 2021/10/24__11:0:50, 157.76, 79.97, 1267.62, 0.00, 180, 
MQTT --- 2021/10/24__11:0:51, 157.76, 79.96, 1267.65, 0.00, 180, 
MQTT --- 2021/10/24__11:0:52, 157.77, 79.98, 1267.62, 0.00, 180, 
MQTT --- 2021/10/24__11:0:53, 157.77, 80.00, 1267.64, 0.00, 180, 
MQTT --- 2021/10/24__11:0:54, 157.77, 80.02, 1267.64, 0.00, 180, 
MQTT --- 2021/10/24__11:0:55, 157.77, 80.00, 1267.65, 0.00, 180, 
MQTT --- 2021/10/24__11:0:56, 157.77, 79.99, 1267.61, 0.00, 180, 
MQTT --- 2021/10/24__11:0:57, 157.77, 79.99, 1267.67, 0.00, 180, 
MQTT --- 2021/10/24__11:0:58, 157.78, 79.99, 1267.64, 0.00, 180, 
MQTT --- 2021/10/24__11:0:59, 157.77, 79.99, 1267.67, 0.00, 180, 
MQTT --- 2021/10/24__11:1:0, 157.77, 79.97, 1267.66, 0.00, 180, 
MQTT --- 2021/10/24__11:1:1, 157.77, 79.97, 1267.61, 0.00, 180, 
MQTT --- 2021/10/24__11:1:2, 157.78, 79.98, 1267.64, 0.07, 180, 
MQTT --- 2021/10/24__11:1:3, 157.77, 79.96, 1267.67, 0.07, 180, 
MQTT --- 2021/10/24__11:1:4, 157.77, 79.93, 1267.65, 0.07, 180, 
MQTT --- 2021/10/24__11:1:5, 157.78, 79.93, 1267.66, 0.07, 180, 
MQTT --- 2021/10/24__11:1:6, 157.77, 79.92, 1267.64, 0.07, 180, 
MQTT --- 2165/165/165__165:165:85, 157.77, 79.93, 1267.64, 0.07, 0, 
MQTT --- 2021/10/24__11:1:8, 157.78, 79.92, 1267.65, 0.00, 180, 
MQTT --- 2021/10/24__11:1:9, 157.78, 79.91, 1267.63, 0.00, 180, 
MQTT --- 2021/10/24__11:1:10, 157.78, 79.89, 1267.65, 0.00, 180, 
MQTT --- 2021/10/24__11:1:11, 157.78, 79.88, 1267.65, 0.00, 180, 
MQTT --- 2021/10/24__11:1:12, 157.78, 79.86, 1267.61, 0.00, 180, 
MQTT --- 2021/10/24__11:1:13, 157.78, 79.85, 1267.66, 0.00, 180, 
MQTT --- 2021/10/24__11:1:14, 157.78, 79.82, 1267.63, 0.00, 180, 
MQTT --- 2021/10/24__11:1:15, 157.79, 79.81, 1267.64, 0.00, 180, 
MQTT --- 2021/10/24__11:1:16, 157.79, 79.81, 1267.61, 0.00, 180, 
MQTT --- 2021/10/24__11:1:17, 157.80, 79.80, 1267.66, 0.00, 180, 
MQTT --- 2021/10/24__11:1:18, 157.79, 79.80, 1267.61, 0.00, 180, 
MQTT --- 2021/10/24__11:1:19, 157.80, 79.78, 1267.66, 0.00, 180, 
MQTT --- 2021/10/24__11:1:20, 157.80, 79.77, 1267.66, 0.00, 180, 
MQTT --- 2021/10/24__11:1:21, 157.80, 79.76, 1267.66, 0.00, 180, 
MQTT --- 2021/10/24__11:1:22, 157.80, 79.71, 1267.63, 0.00, 180, 
MQTT --- 2021/10/24__11:1:23, 157.79, 79.68, 1267.62, 0.00, 180, 
MQTT --- 2021/10/24__11:1:24, 157.81, 79.67, 1267.64, 0.00, 180, 
MQTT --- 2021/10/24__11:1:25, 157.80, 79.67, 1267.63, 0.00, 180, 
MQTT --- 2021/10/24__11:1:26, 157.80, 79.67, 1267.66, 0.00, 180, 
MQTT --- 2021/10/24__11:1:27, 157.80, 79.66, 1267.66, 0.00, 180, 
MQTT --- 2021/10/24__11:1:28, 157.79, 79.66, 1267.66, 0.00, 180, 
MQTT --- 2021/10/24__11:1:29, 157.80, 79.64, 1267.64, 0.00, 180, 
MQTT --- 2021/10/24__11:1:30, 157.79, 79.63, 1267.65, 0.00, 180, 
MQTT --- 2021/10/24__11:1:31, 157.81, 79.62, 1267.64, 0.00, 180, 
MQTT --- 2021/10/24__11:1:32, 157.80, 79.60, 1267.65, 0.00, 180, 
MQTT --- 2021/10/24__11:1:33, 157.80, 79.57, 1267.64, 0.00, 180, 
MQTT --- 2021/10/24__11:1:34, 157.79, 79.56, 1267.61, 0.00, 180, 
MQTT --- 2021/10/24__11:1:35, 157.81, 79.53, 1267.65, 0.00, 180, 
MQTT --- 2021/10/24__11:1:36, 157.80, 79.50, 1267.65, 0.00, 180, 
MQTT --- 2021/10/24__11:1:37, 157.80, 79.49, 1267.61, 0.00, 180, 
MQTT --- 2021/10/24__11:1:38, 157.81, 79.48, 1267.62, 0.00, 180, 
MQTT --- 2021/10/24__11:1:39, 157.80, 79.46, 1267.62, 0.00, 180, 
MQTT --- 2021/10/24__11:1:40, 157.80, 79.46, 1267.61, 0.00, 180, 
MQTT --- 2021/10/24__11:1:41, 157.80, 79.44, 1267.62, 0.00, 180, 
MQTT --- 2021/10/24__11:1:42, 157.81, 79.44, 1267.59, 0.00, 180, 
MQTT --- 2021/10/24__11:1:43, 157.81, 79.44, 1267.62, 0.00, 180, 
MQTT --- 2021/10/24__11:1:44, 157.81, 79.42, 1267.65, 0.00, 180, 
MQTT --- 2021/10/24__11:1:45, 157.81, 79.45, 1267.61, 0.00, 180, 
MQTT --- 2021/10/24__11:1:46, 157.83, 79.45, 1267.65, 0.00, 180, 
MQTT --- 2021/10/24__11:1:47, 157.82, 79.45, 1267.64, 0.00, 180, 
MQTT --- 2021/10/24__11:1:48, 157.81, 79.44, 1267.60, 0.00, 180, 
MQTT --- 2021/10/24__11:1:49, 157.82, 79.42, 1267.59, 0.00, 180, 
MQTT --- 2021/10/24__11:1:50, 157.82, 79.42, 1267.62, 0.00, 180, 
MQTT --- 2021/10/24__11:1:51, 157.82, 79.40, 1267.64, 0.00, 180, 
MQTT --- 2021/10/24__11:1:52, 157.82, 100.00, 1267.63, 0.00, 180, 
MQTT --- 2021/10/24__11:1:53, 157.83, 79.38, 1267.63, 0.00, 202, 
MQTT --- 2021/10/24__11:1:54, 157.83, 79.38, 1267.60, 0.29, 29, 
MQTT --- 2021/10/24__11:1:55, 157.82, 79.37, 1267.58, 0.29, 0, 
MQTT --- 2021/10/24__11:1:56, 157.83, 79.37, 1267.61, 0.07, 22, 
MQTT --- 2021/10/24__11:1:57, 157.83, 79.36, 1267.63, 0.29, 180, 
MQTT --- 2021/10/24__11:1:58, 157.83, 79.34, 1267.61, 0.29, 180, 
MQTT --- 2021/10/24__11:1:59, 157.84, 79.34, 1267.63, 0.29, 180, 
MQTT --- 2021/10/24__11:2:0, 157.83, 79.34, 1267.61, 0.29, 180, 
MQTT --- 2021/10/24__11:2:1, 157.84, 79.34, 1267.62, 0.29, 180, 
MQTT --- 2021/10/24__11:2:2, 157.84, 79.34, 1267.60, 0.07, 180, 
MQTT --- 2021/10/24__11:2:3, 157.84, 79.34, 1267.61, 0.29, 180, 
timeStamp, Temperature, Pressure, Humidity, Wind_Speed, Wind_Direction 
MQTT --- 2021/10/24__11:2:57, 12.83, 71.78, 1007.96, 0.00, 180, 
MQTT --- 2021/10/24__11:2:58, 13.06, 71.73, 1007.97, 0.00, 180, 
MQTT --- 2021/10/24__11:2:59, 13.10, 71.68, 1007.99, 0.00, 180, 
MQTT --- 2021/10/24__11:3:0, 13.10, 71.63, 1007.98, 0.00, 180, 
MQTT --- 2021/10/24__11:3:1, 13.11, 71.58, 1007.97, 0.00, 180, 
MQTT --- 2021/10/24__11:3:2, 13.12, 71.56, 1007.98, 0.00, 180, 
MQTT --- 2021/10/24__11:3:3, 13.12, 71.54, 1007.97, 0.00, 180, 
MQTT --- 2021/10/24__11:3:4, 13.13, 71.51, 1007.98, 0.00, 180, 
MQTT --- 2021/10/24__11:3:5, 13.15, 71.51, 1008.04, 0.00, 180, 
MQTT --- 2021/10/24__11:3:6, 13.13, 71.50, 1007.97, 0.00, 180, 
MQTT --- 2021/10/24__11:3:7, 13.14, 71.49, 1008.00, 0.00, 180, 
MQTT --- 2021/10/24__11:3:8, 13.14, 71.46, 1007.99, 0.00, 180, 
MQTT --- 2021/10/24__11:3:9, 13.14, 100.00, 1008.01, 0.00, 180, 
MQTT --- 2021/10/24__11:3:10, 13.13, 71.40, 1007.97, 0.00, 180, 
MQTT --- 2021/10/24__11:3:11, 13.15, 71.34, 1007.99, 0.00, 180, 
MQTT --- 2021/10/24__11:3:12, 13.14, 71.29, 1007.99, 0.07, 180, 
MQTT --- 2021/10/24__11:3:13, 13.14, 71.27, 1008.00, 0.07, 180, 
MQTT --- 2021/10/24__11:3:14, 13.15, 71.26, 1008.00, 0.07, 180, 
MQTT --- 2021/10/24__11:3:15, 13.14, 71.26, 1007.98, 0.51, 180, 
MQTT --- 2021/10/24__11:3:16, 13.15, 71.25, 1007.99, 0.51, 180, 
MQTT --- 2021/10/24__11:3:17, 13.16, 71.25, 1008.01, 0.51, 180, 
MQTT --- 2021/10/24__11:3:18, 13.15, 71.24, 1008.00, 0.51, 180, 
MQTT --- 2021/10/24__11:3:19, 13.16, 71.24, 1008.01, 0.51, 225, 
MQTT --- 2021/10/24__11:3:20, 13.16, 71.24, 1008.00, 0.51, 225, 
MQTT --- 2021/10/24__11:3:21, 13.16, 71.24, 1008.01, 0.51, 45, 
MQTT --- 2021/10/24__11:3:22, 13.16, 71.23, 1008.00, 0.51, 180, 
MQTT --- 2021/10/24__11:3:23, 13.16, 71.22, 1008.00, 0.51, 180, 
MQTT --- 2021/10/24__11:3:24, 13.16, 71.22, 1007.99, 0.51, 180, 
MQTT --- 2021/10/24__11:3:25, 13.17, 71.21, 1008.00, 0.51, 180, 
MQTT --- 2021/10/24__11:3:26, 13.16, 71.21, 1007.99, 0.51, 180, 
MQTT --- 2021/10/24__11:3:27, 13.17, 71.20, 1008.01, 0.51, 180, 
MQTT --- 2021/10/24__11:3:28, 13.17, 71.19, 1007.98, 0.51, 180, 
MQTT --- 2021/10/24__11:3:29, 13.17, 71.18, 1007.98, 0.51, 180, 
MQTT --- 2021/10/24__11:3:30, 13.16, 71.18, 1007.98, 0.73, 180, 
MQTT --- 2021/10/24__11:3:31, 13.17, 71.17, 1007.99, 0.73, 180, 
MQTT --- 2021/10/24__11:3:32, 13.17, 71.16, 1008.01, 0.51, 180, 
MQTT --- 2021/10/24__11:3:33, 13.18, 71.15, 1007.99, 0.51, 180, 
MQTT --- 2021/10/24__11:3:34, 13.17, 71.14, 1007.97, 0.29, 180, 
MQTT --- 2021/10/24__11:3:35, 13.17, 71.14, 1007.98, 0.07, 180, 
MQTT --- 2021/10/24__11:3:36, 13.17, 71.13, 1007.97, 0.07, 180, 
MQTT --- 2021/10/24__11:3:37, 13.18, 71.12, 1007.96, 0.29, 180, 
MQTT --- 2021/10/24__11:3:38, 13.18, 71.12, 1007.99, 0.29, 180, 
MQTT --- 2021/10/24__11:3:39, 13.18, 71.10, 1007.95, 0.29, 180, 
MQTT --- 2021/10/24__11:3:40, 13.18, 71.08, 1007.95, 0.29, 180, 
MQTT --- 2021/10/24__11:3:41, 13.18, 71.08, 1007.99, 0.29, 180, 
MQTT --- 2021/10/24__11:3:42, 13.19, 71.08, 1007.99, 0.07, 180, 
MQTT --- 2021/10/24__11:3:43, 13.19, 71.08, 1007.96, 0.07, 180, 
MQTT --- 2021/10/24__11:3:44, 13.19, 71.07, 1007.95, 0.07, 180, 
MQTT --- 2021/10/24__11:3:45, 13.20, 71.06, 1007.98, 0.00, 180, 
MQTT --- 2021/10/24__11:3:46, 13.19, 71.06, 1007.97, 0.00, 180, 
MQTT --- 2021/10/24__11:3:47, 13.19, 71.04, 1007.97, 0.00, 180, 
MQTT --- 2021/10/24__11:3:48, 13.20, 71.04, 1007.96, 0.00, 180, 
MQTT --- 2021/10/24__11:3:49, 13.20, 71.04, 1007.98, 0.00, 180, 
MQTT --- 2021/10/24__11:3:50, 13.20, 71.05, 1007.99, 0.00, 180, 
MQTT --- 2021/10/24__11:3:51, 13.20, 71.04, 1008.01, 0.00, 180, 
MQTT --- 2021/10/24__11:3:52, 13.20, 71.04, 1008.00, 0.00, 180, 
MQTT --- 2021/10/24__11:3:53, 13.20, 71.04, 1007.98, 0.00, 180, 
MQTT --- 2021/10/24__11:3:54, 13.20, 71.04, 1008.00, 0.00, 180, 
MQTT --- 2021/10/24__11:3:55, 13.20, 71.05, 1007.97, 0.00, 180, 
MQTT --- 2021/10/24__11:3:56, 13.22, 71.04, 1007.98, 0.00, 180, 
MQTT --- 2021/10/24__11:3:57, 13.22, 71.05, 1008.00, 0.00, 180, 
MQTT --- 2021/10/24__11:3:58, 13.22, 71.05, 1007.99, 0.00, 180, 
MQTT --- 2021/10/24__11:3:59, 13.21, 71.06, 1007.96, 0.00, 180, 
MQTT --- 2021/10/24__11:4:0, 13.21, 71.06, 1007.96, 0.00, 180, 
MQTT --- 2021/10/24__11:4:1, 13.21, 71.06, 1007.97, 0.00, 180, 
MQTT --- 2021/10/24__11:4:2, 13.22, 71.06, 1008.01, 0.00, 180, 
MQTT --- 2021/10/24__11:4:3, 13.21, 71.06, 1007.94, 0.00, 180, 
MQTT --- 2021/10/24__11:4:4, 13.22, 71.06, 1007.98, 0.00, 180, 
MQTT --- 2021/10/24__11:4:5, 13.22, 71.06, 1007.97, 0.00, 180, 
MQTT --- 2021/10/24__11:4:6, 13.22, 71.06, 1007.95, 0.00, 180, 
MQTT --- 2021/10/24__11:4:7, 13.23, 71.06, 1008.05, 0.00, 180, 
MQTT --- 2021/10/24__11:4:8, 13.23, 71.05, 1007.98, 0.00, 180, 
MQTT --- 2021/10/24__11:4:9, 13.22, 71.05, 1008.03, 0.00, 180, 
MQTT --- 2021/10/24__11:4:10, 13.22, 71.05, 1007.96, 0.00, 180, 
MQTT --- 2021/10/24__11:4:11, 13.23, 71.05, 1008.01, 0.00, 180, 
MQTT --- 2021/10/24__11:4:12, 13.23, 71.05, 1007.96, 0.00, 180, 
MQTT --- 2021/10/24__11:4:13, 13.22, 71.04, 1007.96, 0.00, 180, 
MQTT --- 2021/10/24__11:4:14, 13.22, 71.04, 1008.00, 0.00, 180, 
MQTT --- 2021/10/24__11:4:15, 13.23, 71.04, 1008.00, 0.00, 180, 
MQTT --- 2021/10/24__11:4:16, 13.22, 71.04, 1007.97, 0.00, 180, 
MQTT --- 2021/10/24__11:4:17, 13.23, 71.04, 1008.00, 0.00, 180, 
MQTT --- 2021/10/24__11:4:18, 13.24, 71.04, 1007.99, 0.00, 180, 
MQTT --- 2021/10/24__11:4:19, 13.23, 71.03, 1007.97, 0.00, 180, 
MQTT --- 2021/10/24__11:4:20, 13.24, 71.04, 1008.00, 0.00, 180, 
MQTT --- 2021/10/24__11:4:21, 13.23, 71.04, 1007.99, 0.00, 180, 
MQTT --- 2021/10/24__11:4:22, 13.24, 71.05, 1007.97, 0.00, 180, 
MQTT --- 2021/10/24__11:4:23, 13.24, 71.07, 1007.98, 0.00, 180, 
MQTT --- 2021/10/24__11:4:24, 13.24, 71.07, 1007.96, 0.07, 180, 
MQTT --- 2021/10/24__11:4:25, 13.24, 71.07, 1008.00, 0.29, 180, 
MQTT --- 2021/10/24__11:4:26, 13.23, 71.06, 1007.96, 0.07, 180, 
MQTT --- 2021/10/24__11:4:27, 13.24, 71.06, 1007.97, 0.51, 180, 
MQTT --- 2021/10/24__11:4:28, 13.23, 71.06, 1007.99, 0.51, 185, 
MQTT --- 2021/10/24__11:4:29, 13.23, 71.06, 1007.99, 0.51, 185, 
MQTT --- 2021/10/24__11:4:30, 13.24, 71.04, 1007.98, 0.51, 185, 
MQTT --- 2021/10/24__11:4:31, 13.24, 71.04, 1007.98, 0.07, 225, 
MQTT --- 2021/10/24__11:4:32, 13.24, 71.04, 1007.97, 0.07, 230, 
MQTT --- 2021/10/24__11:4:33, 13.24, 71.03, 1007.96, 0.07, 225, 
MQTT --- 2021/10/24__11:4:34, 13.25, 71.02, 1007.97, 0.29, 180, 
MQTT --- 2021/10/24__11:4:35, 13.25, 71.02, 1008.00, 0.29, 180, 
MQTT --- 2021/10/24__11:4:36, 13.25, 71.01, 1007.99, 0.07, 187, 
MQTT --- 2021/10/24__11:4:37, 13.24, 71.02, 1007.96, 0.07, 45, 
MQTT --- 2021/10/24__11:4:38, 13.24, 71.02, 1007.97, 0.29, 45, 
MQTT --- 2021/10/24__11:4:39, 13.25, 71.02, 1007.97, 0.07, 230, 
MQTT --- 2021/10/24__11:4:40, 13.24, 71.01, 1007.98, 0.07, 230, 
MQTT --- 2021/10/24__11:4:41, 13.25, 71.01, 1007.98, 0.07, 225, 
MQTT --- 2021/10/24__11:4:42, 13.25, 71.02, 1007.99, 0.07, 0, 
MQTT --- 2021/10/24__11:4:43, 13.26, 71.01, 1008.00, 0.29, 230, 
MQTT --- 2021/10/24__11:4:44, 13.25, 71.00, 1007.97, 0.07, 188, 
MQTT --- 2021/10/24__11:4:45, 13.26, 71.00, 1008.02, 0.07, 50, 
MQTT --- 2021/10/24__11:4:46, 13.26, 71.00, 1008.02, 0.07, 230, 
MQTT --- 2021/10/24__11:4:47, 13.25, 70.99, 1007.96, 0.07, 180, 
MQTT --- 2021/10/24__11:4:48, 13.25, 70.98, 1007.97, 0.07, 180, 
MQTT --- 2021/10/24__11:4:49, 13.26, 70.98, 1007.98, 0.07, 67, 
MQTT --- 2021/10/24__11:4:50, 13.26, 70.97, 1007.97, 0.29, 180, 
MQTT --- 2021/10/24__11:4:51, 13.26, 70.97, 1311.10, 0.00, 45, 
MQTT --- 2021/10/24__11:4:52, 13.26, 70.97, 1007.97, 0.07, 180, 
MQTT --- 2021/10/24__11:4:53, 13.26, 70.96, 1008.00, 0.07, 225, 
MQTT --- 2021/10/24__11:4:54, 13.26, 70.95, 1007.97, 0.29, 50, 
MQTT --- 2021/10/24__11:4:55, 13.26, 70.95, 1007.98, 0.29, 225, 
MQTT --- 2021/10/24__11:4:56, 13.27, 70.97, 1007.97, 0.07, 225, 
MQTT --- 2021/10/24__11:4:57, 13.27, 70.97, 1007.99, 0.07, 180, 
MQTT --- 2021/10/24__11:4:58, 13.27, 70.96, 1007.99, 0.07, 225, 
MQTT --- 2021/10/24__11:4:59, 13.27, 70.96, 1007.98, 0.07, 180, 
MQTT --- 2021/10/24__11:5:0, 13.26, 70.95, 1007.96, 0.07, 180, 
MQTT --- 2021/10/24__11:5:1, 13.27, 70.94, 1007.97, 0.51, 180, 
MQTT --- 2021/10/24__11:5:2, 13.27, 70.94, 1008.00, 0.51, 180, 
MQTT --- 2021/10/24__11:5:3, 13.27, 70.93, 1008.00, 0.51, 180, 
MQTT --- 2021/10/24__11:5:4, 13.27, 70.93, 1007.99, 0.51, 180, 
MQTT --- 2021/10/24__11:5:5, 13.27, 70.93, 1007.96, 0.51, 180, 
MQTT --- 2021/10/24__11:5:6, 13.27, 70.92, 1007.99, 0.51, 180, 
MQTT --- 2021/10/24__11:5:7, 13.27, 70.91, 1007.98, 0.51, 180, 
MQTT --- 2021/10/24__11:5:8, 13.27, 70.91, 1007.97, 0.51, 180, 
MQTT --- 2021/10/24__11:5:9, 13.27, 70.89, 1007.97, 0.51, 180, 
MQTT --- 2021/10/24__11:5:10, 13.28, 70.86, 1007.99, 0.51, 180, 
MQTT --- 2021/10/24__11:5:11, 13.29, 70.81, 1007.98, 0.51, 180, 
MQTT --- 2021/10/24__11:5:12, 13.27, 70.75, 1007.97, 0.51, 180, 
MQTT --- 2021/10/24__11:5:13, 13.28, 70.54, 1007.96, 0.51, 180, 
MQTT --- 2021/10/24__11:5:14, 13.28, 70.34, 1007.95, 0.73, 180, 
MQTT --- 2021/10/24__11:5:15, 13.28, 70.19, 1007.96, 0.73, 180, 
MQTT --- 2021/10/24__11:5:16, 13.28, 70.14, 1007.98, 0.73, 180, 
MQTT --- 2021/10/24__11:5:17, 13.27, 70.06, 1007.98, 0.95, 180, 
MQTT --- 2021/10/24__11:5:18, 13.21, 70.00, 1007.86, 0.73, 180, 
MQTT --- 2021/10/24__11:5:19, 13.26, 69.95, 1007.96, 0.95, 180, 
MQTT --- 2021/10/24__11:5:20, 13.26, 69.93, 1007.97, 0.73, 180, 
MQTT --- 2021/10/24__11:5:21, 13.26, 69.95, 1007.97, 0.73, 180, 
MQTT --- 2021/10/24__11:5:22, 13.26, 69.98, 1007.95, 0.73, 180, 
MQTT --- 2021/10/24__11:5:23, 13.25, 70.00, 1007.96, 0.73, 180, 
MQTT --- 2021/10/24__11:5:24, 13.26, 70.01, 1007.95, 0.73, 180, 
MQTT --- 2021/10/24__11:5:25, 13.26, 70.03, 1007.97, 0.51, 180, 
MQTT --- 2021/10/24__11:5:26, 13.27, 70.03, 1008.00, 0.51, 180, 
MQTT --- 2021/10/24__11:5:27, 13.27, 70.03, 1007.99, 0.51, 180, 
MQTT --- 2021/10/24__11:5:28, 13.27, 70.01, 1007.98, 0.51, 180, 
MQTT --- 2165/165/165__165:165:85, 183.58, 70.00, 1311.09, 0.00, 202, 
MQTT --- 2021/10/24__11:5:30, 13.28, 69.98, 1007.98, 0.51, 180, 
MQTT --- 2021/10/24__11:5:31, 13.27, 69.99, 1007.98, 0.51, 180, 
MQTT --- 2021/10/24__11:5:32, 13.27, 69.99, 1007.98, 0.51, 180, 
MQTT --- 2021/10/24__11:5:33, 13.25, 70.00, 1007.94, 0.51, 180, 
MQTT --- 2021/10/24__11:5:34, 13.27, 70.01, 1007.97, 0.51, 180, 
MQTT --- 2021/10/24__11:5:35, 13.27, 70.00, 1007.99, 0.29, 180, 
MQTT --- 2021/10/24__11:5:36, 13.27, 70.00, 1007.98, 0.07, 180, 
MQTT --- 2021/10/24__11:5:37, 13.27, 70.01, 1007.96, 0.07, 180, 
MQTT --- 2021/10/24__11:5:38, 13.27, 70.00, 1007.98, 0.07, 180, 
MQTT --- 2021/10/24__11:5:39, 13.28, 70.00, 1007.98, 0.07, 180, 
MQTT --- 2021/10/24__11:5:40, 13.28, 70.00, 1007.98, 0.07, 180, 
MQTT --- 2021/10/24__11:5:41, 13.28, 70.00, 1007.99, 0.07, 180, 
MQTT --- 2021/10/24__11:5:42, 13.28, 70.00, 1007.97, 0.07, 180, 
MQTT --- 2021/10/24__11:5:43, 13.29, 70.01, 1008.00, 0.07, 180, 
MQTT --- 2021/10/24__11:5:44, 13.29, 70.01, 1007.96, 0.07, 180, 
MQTT --- 2021/10/24__11:5:46, 13.29, 70.01, 1007.99, 0.29, 180, 
MQTT --- 2021/10/24__11:5:47, 13.17, 70.00, 1007.75, 0.07, 180, 
MQTT --- 2021/10/24__11:5:48, 13.29, 70.02, 1007.97, 0.07, 180, 
MQTT --- 2021/10/24__11:5:49, 13.29, 70.02, 1007.97, 0.07, 180, 
MQTT --- 2021/10/24__11:5:50, 13.29, 70.03, 1007.95, 0.07, 180, 
MQTT --- 2021/10/24__11:5:51, 13.30, 70.02, 1008.00, 0.00, 180, 
MQTT --- 2021/10/24__11:5:52, 13.29, 70.04, 1007.96, 0.00, 180, 
MQTT --- 2021/10/24__11:5:53, 13.30, 70.02, 1007.98, 0.00, 180, 
MQTT --- 2021/10/24__11:5:54, 13.29, 70.02, 1007.97, 0.00, 180, 
MQTT --- 2021/10/24__11:5:55, 13.30, 70.00, 1007.99, 0.00, 180, 
MQTT --- 2021/10/24__11:5:56, 13.31, 70.00, 1008.03, 0.00, 180, 
MQTT --- 2021/10/24__11:6:4, 13.31, 69.93, 1008.01, 0.07, 182, 
MQTT --- 2021/10/24__11:6:5, 13.31, 69.92, 1007.98, 0.07, 180, 
timeStamp, Temperature, Pressure, Humidity, Wind_Speed, Wind_Direction 
MQTT --- 2021/10/24__11:17:45, 13.68, 68.04, 1008.02, 0.00, 180, 
MQTT --- 2021/10/24__11:18:0, 13.72, 68.07, 1008.03, 0.00, 180, 
timeStamp, Temperature, Pressure, Humidity, Wind_Speed, Wind_Direction 
MQTT --- 2021/10/24__11:18:15, 13.72, 68.07, 1008.05, 0.00, 180, 
MQTT --- 2021/10/24__11:18:16, 13.75, 68.07, 1008.04, 0.00, 180, 
MQTT --- 2021/10/24__11:18:17, 13.75, 68.07, 1008.03, 0.00, 180, 
MQTT --- 2021/10/24__11:18:18, 13.75, 68.05, 1008.03, 0.00, 180, 
MQTT --- 2021/10/24__11:18:19, 13.75, 68.03, 1008.02, 0.00, 180, 
MQTT --- 2021/10/24__11:18:20, 13.75, 68.02, 1008.02, 0.00, 180, 
MQTT --- 2021/10/24__11:18:21, 13.76, 67.99, 1008.04, 0.00, 180, 
MQTT --- 2021/10/24__11:18:22, 13.75, 67.95, 1008.04, 0.00, 180, 
MQTT --- 2021/10/24__11:18:23, 13.75, 67.93, 1008.02, 0.00, 180, 
MQTT --- 2021/10/24__11:18:24, 13.74, 67.90, 1008.03, 0.00, 180, 
MQTT --- 2021/10/24__11:18:25, 13.74, 67.84, 1008.04, 0.00, 180, 
MQTT --- 2021/10/24__11:18:26, 13.74, 67.83, 1008.05, 0.00, 180, 
MQTT --- 2021/10/24__11:18:27, 13.73, 67.81, 1008.04, 0.00, 180, 
MQTT --- 2021/10/24__11:18:28, 13.74, 67.78, 1008.02, 0.00, 180, 
MQTT --- 2021/10/24__11:18:29, 13.74, 67.76, 1008.03, 0.00, 180, 
MQTT --- 2021/10/24__11:18:30, 13.74, 67.75, 1008.02, 0.00, 270, 
MQTT --- 2021/10/24__11:18:31, 13.75, 67.76, 1008.04, 0.00, 180, 
MQTT --- 2021/10/24__11:18:32, 13.75, 67.76, 1008.07, 0.00, 180, 
timeStamp, Temperature, Pressure, Humidity, Wind_Speed, Wind_Direction 
MQTT --- 2021/10/24__11:18:58, 13.78, 67.87, 1008.05, 32.40, 180, 
MQTT --- 2021/10/24__11:18:59, 13.78, 67.87, 1008.01, 32.40, 180, 
MQTT --- 2021/10/24__11:19:0, 13.77, 67.87, 1008.00, 32.40, 180, 
MQTT --- 2021/10/24__11:19:1, 13.78, 67.88, 1008.02, 32.40, 180, 
MQTT --- 2021/10/24__11:19:2, 13.78, 67.87, 1008.02, 32.40, 180, 
MQTT --- 2021/10/24__11:19:3, 13.78, 67.87, 1007.99, 32.40, 180, 
MQTT --- 2021/10/24__11:19:4, 13.79, 67.88, 1008.00, 32.40, 180, 
timeStamp, Temperature, Pressure, Humidity, Wind_Speed, Wind_Direction 
MQTT --- 2021/10/24__11:19:58, 13.85, 67.60, 1007.98, 32.40, 180, 
MQTT --- 2021/10/24__11:19:59, 13.86, 67.56, 1008.02, 32.40, 180, 
MQTT --- 2021/10/24__11:20:0, 13.86, 67.55, 1008.02, 32.40, 185, 
MQTT --- 2021/10/24__11:20:1, 13.86, 67.55, 1008.01, 32.40, 180, 
MQTT --- 2021/10/24__11:20:2, 13.85, 67.54, 1008.01, 32.40, 180, 
MQTT --- 2021/10/24__11:20:3, 13.87, 67.53, 1008.04, 32.40, 180, 
MQTT --- 2021/10/24__11:20:4, 13.86, 67.46, 1008.03, 32.40, 180, 
MQTT --- 2021/10/24__11:20:5, 13.86, 67.35, 1008.00, 0.00, 180, 
timeStamp, Temperature, Pressure, Humidity, Wind_Speed, Wind_Direction 
MQTT --- 2021/10/24__11:20:54, 13.86, 67.11, 1007.98, 0.95, 180, 
MQTT --- 2021/10/24__11:20:55, 13.87, 67.08, 1007.97, 0.95, 180, 
MQTT --- 2021/10/24__11:20:56, 13.87, 67.03, 1007.98, 0.95, 180, 
MQTT --- 2021/10/24__11:20:57, 13.88, 67.05, 1007.98, 0.51, 180, 
MQTT --- 2021/10/24__11:20:58, 13.87, 67.07, 1007.98, 0.73, 180, 
MQTT --- 2021/10/24__11:20:59, 13.88, 67.04, 1007.98, 0.51, 180, 
MQTT --- 2021/10/24__11:21:0, 13.88, 67.01, 1007.99, 0.51, 180, 
MQTT --- 2021/10/24__11:21:1, 13.88, 66.98, 1007.99, 0.51, 180, 
MQTT --- 2021/10/24__11:21:2, 13.88, 66.96, 1008.00, 0.51, 180, 
MQTT --- 2021/10/24__11:21:3, 13.88, 66.89, 1008.00, 0.00, 180, 
MQTT --- 2021/10/24__11:21:4, 13.89, 66.82, 1008.01, 0.00, 180, 
MQTT --- 2021/10/24__11:21:5, 13.89, 66.80, 1008.03, 0.00, 180, 
MQTT --- 2021/10/24__11:21:6, 13.89, 66.81, 1008.02, 0.00, 180, 
MQTT --- 2021/10/24__11:21:7, 13.89, 66.82, 1008.00, 0.00, 180, 
MQTT --- 2021/10/24__11:21:8, 13.88, 66.81, 1007.98, 0.00, 180, 
MQTT --- 2021/10/24__11:21:9, 13.89, 66.81, 1008.01, 0.00, 180, 
MQTT --- 2021/10/24__11:21:10, 13.89, 66.80, 1008.01, 0.00, 180, 
MQTT --- 2021/10/24__11:21:11, 13.90, 66.80, 1008.01, 0.00, 180, 
MQTT --- 2021/10/24__11:21:12, 13.88, 66.82, 1007.97, 0.00, 180, 
MQTT --- 2021/10/24__11:21:13, 13.89, 66.83, 1007.98, 0.00, 0, 
MQTT --- 2021/10/24__11:21:14, 13.89, 66.84, 1007.97, 0.00, 180, 
MQTT --- 2021/10/24__11:21:15, 13.90, 66.84, 1008.01, 0.00, 180, 
MQTT --- 2021/10/24__11:21:16, 13.89, 66.84, 1007.96, 0.00, 180, 
MQTT --- 2021/10/24__11:21:17, 13.90, 66.85, 1007.99, 0.00, 180, 
MQTT --- 2021/10/24__11:21:18, 13.89, 66.84, 1007.96, 0.00, 180, 
MQTT --- 2021/10/24__11:21:19, 13.90, 66.83, 1007.96, 0.00, 180, 
MQTT --- 2021/10/24__11:21:20, 13.90, 66.83, 1007.98, 0.00, 180, 
MQTT --- 2021/10/24__11:21:21, 13.90, 66.83, 1007.99, 0.00, 180, 
MQTT --- 2021/10/24__11:21:22, 13.91, 66.82, 1007.99, 0.00, 180, 
MQTT --- 2021/10/24__11:21:23, 13.90, 66.81, 1007.97, 0.29, 180, 
MQTT --- 2021/10/24__11:21:24, 13.90, 66.78, 1007.97, 0.51, 180, 
MQTT --- 2021/10/24__11:21:39, 13.92, 66.53, 1008.01, 1.61, 180, 
timeStamp, Temperature, Pressure, Humidity, Wind_Speed, Wind_Direction 
MQTT --- 2021/10/24__12:5:24, 18.46, 49.89, 1007.79, 6.46, 334, 
MQTT --- 2021/10/24__12:5:25, 18.48, 49.99, 1007.80, 7.34, 341, 
MQTT --- 2021/10/24__12:5:26, 18.48, 50.07, 1007.79, 5.58, 342, 
MQTT --- 2021/10/24__12:5:27, 18.49, 50.04, 1007.80, 5.36, 334, 
MQTT --- 2021/10/24__12:5:28, 18.49, 49.96, 1007.82, 5.80, 332, 
MQTT --- 2021/10/24__12:5:29, 18.50, 49.82, 1007.81, 6.90, 327, 
MQTT --- 2021/10/24__12:5:30, 18.50, 49.70, 1007.80, 5.58, 324, 
MQTT --- 2021/10/24__12:5:31, 18.50, 49.62, 1007.80, 5.36, 320, 
MQTT --- 2021/10/24__12:5:32, 18.50, 49.60, 1007.78, 5.14, 319, 
MQTT --- 2021/10/24__12:5:33, 18.49, 49.62, 1007.78, 6.46, 320, 
MQTT --- 2021/10/24__12:5:34, 18.49, 49.66, 1007.80, 6.90, 320, 
MQTT --- 2021/10/24__12:5:35, 18.49, 49.68, 1007.81, 6.68, 322, 
MQTT --- 2021/10/24__12:5:36, 18.49, 49.69, 1007.78, 7.34, 322, 
MQTT --- 2021/10/24__12:5:37, 18.48, 49.75, 1007.78, 7.12, 322, 
MQTT --- 2021/10/24__12:5:38, 18.48, 49.76, 1007.79, 5.36, 322, 
MQTT --- 2021/10/24__12:5:39, 18.47, 49.83, 1007.77, 6.02, 324, 
MQTT --- 2021/10/24__12:5:40, 18.47, 49.92, 1007.77, 6.02, 324, 
MQTT --- 2021/10/24__12:5:41, 18.47, 49.89, 1007.79, 4.92, 328, 
MQTT --- 2021/10/24__12:5:42, 18.48, 49.92, 1007.78, 6.24, 329, 
MQTT --- 2021/10/24__12:5:43, 18.48, 50.02, 1007.79, 5.14, 331, 
MQTT --- 2021/10/24__12:5:44, 18.49, 50.03, 1007.82, 5.36, 325, 
MQTT --- 2021/10/24__12:5:45, 18.49, 50.01, 1007.79, 5.80, 331, 
MQTT --- 2021/10/24__12:5:46, 18.48, 50.06, 1007.78, 7.12, 338, 
MQTT --- 2021/10/24__12:5:47, 18.49, 50.10, 1007.80, 6.68, 337, 
MQTT --- 2021/10/24__12:5:48, 18.48, 50.13, 1007.78, 5.14, 338, 
MQTT --- 2021/10/24__12:5:49, 18.46, 50.12, 1007.77, 4.47, 344, 
MQTT --- 2021/10/24__12:5:50, 18.46, 50.17, 1007.77, 4.03, 343, 
MQTT --- 2021/10/24__12:5:51, 18.46, 50.19, 1007.76, 4.25, 343, 
MQTT --- 2021/10/24__12:5:52, 18.45, 50.23, 1007.77, 4.47, 349, 
MQTT --- 2021/10/24__12:5:53, 18.44, 50.28, 1007.78, 4.69, 350, 
MQTT --- 2021/10/24__12:5:54, 18.44, 50.33, 1007.74, 4.03, 351, 
MQTT --- 2021/10/24__12:5:55, 18.44, 50.31, 1007.77, 4.47, 356, 
MQTT --- 2021/10/24__12:5:56, 18.43, 50.25, 1007.77, 5.80, 5, 
MQTT --- 2021/10/24__12:5:57, 18.39, 50.19, 1007.74, 5.14, 6, 
MQTT --- 2021/10/24__12:5:58, 18.39, 50.16, 1007.80, 5.80, 3, 
MQTT --- 2021/10/24__12:5:59, 18.36, 50.18, 1007.76, 5.80, 5, 
MQTT --- 2021/10/24__12:6:0, 18.33, 50.24, 1007.73, 5.80, 9, 
MQTT --- 2021/10/24__12:6:1, 18.32, 50.28, 1007.74, 6.02, 9, 
MQTT --- 2021/10/24__12:6:2, 18.27, 50.29, 1007.71, 6.46, 5, 
MQTT --- 2021/10/24__12:6:3, 18.29, 50.37, 1007.76, 5.36, 347, 
MQTT --- 2021/10/24__12:6:4, 18.30, 50.54, 1007.78, 6.02, 344, 
MQTT --- 2021/10/24__12:6:5, 18.28, 50.66, 1007.75, 5.80, 344, 
MQTT --- 2021/10/24__12:6:6, 18.28, 50.66, 1007.74, 6.02, 343, 
MQTT --- 2021/10/24__12:6:7, 18.28, 50.68, 1007.76, 4.92, 344, 
MQTT --- 2021/10/24__12:6:8, 18.29, 50.73, 1007.74, 4.69, 343, 
MQTT --- 2021/10/24__12:6:9, 18.29, 50.71, 1007.77, 5.14, 342, 
MQTT --- 2021/10/24__12:6:10, 18.30, 50.73, 1007.74, 4.69, 342, 
MQTT --- 2021/10/24__12:6:11, 18.32, 50.77, 1007.76, 4.25, 342, 
MQTT --- 2021/10/24__12:6:12, 18.33, 50.80, 1007.74, 4.25, 341, 
MQTT --- 2021/10/24__12:6:13, 18.33, 50.82, 1007.76, 4.69, 342, 
MQTT --- 2021/10/24__12:6:14, 18.35, 50.76, 1007.76, 4.92, 337, 
MQTT --- 2021/10/24__12:6:15, 18.36, 50.65, 1007.77, 4.47, 329, 
MQTT --- 2021/10/24__12:6:16, 18.37, 50.51, 1007.79, 4.47, 316, 
MQTT --- 2021/10/24__12:6:17, 18.37, 50.49, 1007.78, 5.14, 315, 
MQTT --- 2021/10/24__12:6:18, 18.39, 50.49, 1007.81, 4.69, 316, 
MQTT --- 2021/10/24__12:6:19, 18.39, 50.44, 1007.79, 4.25, 315, 
MQTT --- 2021/10/24__12:6:20, 18.39, 50.46, 1007.78, 4.25, 316, 
MQTT --- 2021/10/24__12:6:21, 18.39, 50.43, 1007.78, 3.81, 315, 
MQTT --- 2021/10/24__12:6:22, 18.40, 50.35, 1007.79, 4.25, 317, 
MQTT --- 2021/10/24__12:6:23, 18.41, 50.35, 1007.77, 4.69, 319, 
MQTT --- 2021/10/24__12:6:24, 18.41, 50.23, 1007.77, 4.69, 321, 
MQTT --- 2021/10/24__12:6:25, 18.42, 50.26, 1007.77, 4.25, 326, 
MQTT --- 2021/10/24__12:6:26, 18.43, 50.30, 1007.78, 4.47, 331, 
MQTT --- 2021/10/24__12:6:27, 18.44, 50.25, 1007.79, 5.58, 327, 
MQTT --- 2021/10/24__12:6:28, 18.45, 50.22, 1007.79, 5.36, 323, 
MQTT --- 2021/10/24__12:6:29, 18.44, 50.16, 1007.79, 5.80, 327, 
MQTT --- 2021/10/24__12:6:30, 18.45, 50.11, 1007.78, 5.36, 334, 
MQTT --- 2021/10/24__12:6:31, 18.45, 50.12, 1007.77, 5.80, 334, 
MQTT --- 2021/10/24__12:6:32, 18.46, 50.13, 1007.79, 6.24, 347, 
MQTT --- 2021/10/24__12:6:33, 18.46, 50.12, 1007.78, 6.68, 339, 
MQTT --- 2021/10/24__12:6:34, 18.48, 50.17, 1007.80, 6.90, 339, 
MQTT --- 2021/10/24__12:6:35, 18.48, 50.16, 1007.80, 6.90, 339, 
MQTT --- 2021/10/24__12:6:36, 18.49, 50.16, 1007.80, 6.02, 339, 
MQTT --- 2021/10/24__12:6:37, 18.50, 50.13, 1007.80, 5.80, 333, 
MQTT --- 2021/10/24__12:6:38, 18.50, 50.14, 1007.79, 5.80, 339, 
MQTT --- 2021/10/24__12:6:39, 18.50, 50.07, 1007.78, 6.46, 338, 
MQTT --- 2021/10/24__12:6:40, 18.49, 49.98, 1007.75, 6.46, 338, 
MQTT --- 2021/10/24__12:6:41, 18.52, 50.02, 1007.78, 6.90, 344, 
MQTT --- 2021/10/24__12:6:42, 18.53, 50.10, 1007.81, 6.46, 341, 
MQTT --- 2021/10/24__12:6:43, 18.53, 50.18, 1007.80, 5.80, 342, 
MQTT --- 2021/10/24__12:6:44, 18.54, 50.20, 1007.80, 6.46, 343, 
MQTT --- 2021/10/24__12:6:45, 18.53, 50.19, 1007.80, 6.02, 342, 
MQTT --- 2021/10/24__12:6:46, 18.54, 50.14, 1007.81, 6.02, 344, 
MQTT --- 2021/10/24__12:6:47, 18.53, 50.09, 1007.78, 5.14, 349, 
MQTT --- 2021/10/24__12:6:48, 18.50, 50.08, 1007.78, 5.58, 354, 
MQTT --- 2021/10/24__12:6:49, 18.48, 50.11, 1007.81, 5.36, 9, 
MQTT --- 2021/10/24__12:6:50, 18.46, 50.03, 1007.77, 6.46, 22, 
MQTT --- 2021/10/24__12:6:51, 18.43, 49.89, 1007.78, 7.34, 6, 
MQTT --- 2021/10/24__12:6:52, 18.40, 49.81, 1007.77, 7.78, 348, 
MQTT --- 2021/10/24__12:6:53, 18.40, 49.84, 1007.80, 8.00, 346, 
MQTT --- 2021/10/24__12:6:54, 18.40, 49.87, 1007.81, 7.78, 334, 
MQTT --- 2021/10/24__12:6:55, 18.39, 49.96, 1007.84, 32.40, 329, 
MQTT --- 2021/10/24__12:6:56, 18.38, 50.06, 1007.83, 0.00, 322, 
MQTT --- 2021/10/24__12:6:57, 18.37, 50.08, 1007.80, 5.80, 322, 
MQTT --- 2021/10/24__12:6:58, 18.38, 50.03, 1007.80, 6.02, 323, 
MQTT --- 2021/10/24__12:6:59, 18.37, 49.96, 1007.79, 5.58, 324, 
MQTT --- 2021/10/24__12:7:0, 18.37, 49.93, 1007.79, 5.58, 325, 
MQTT --- 2021/10/24__12:7:1, 18.37, 49.94, 1007.80, 4.92, 329, 
MQTT --- 2021/10/24__12:7:2, 18.38, 50.02, 1007.82, 5.36, 333, 
MQTT --- 2021/10/24__12:7:3, 18.38, 50.03, 1007.79, 5.14, 332, 
MQTT --- 2021/10/24__12:7:4, 18.39, 50.02, 1007.80, 5.58, 331, 
MQTT --- 2021/10/24__12:7:5, 18.40, 50.06, 1007.80, 5.14, 334, 
MQTT --- 2021/10/24__12:7:6, 18.42, 50.13, 1007.80, 32.40, 342, 
MQTT --- 2021/10/24__12:7:7, 18.41, 50.19, 1007.78, 32.40, 340, 
MQTT --- 2021/10/24__12:7:8, 18.42, 50.18, 1007.79, 0.00, 327, 
MQTT --- 2021/10/24__12:7:9, 18.43, 50.17, 1007.80, 4.25, 329, 
MQTT --- 2021/10/24__12:7:10, 18.44, 50.17, 1007.79, 4.25, 343, 
MQTT --- 2021/10/24__12:7:11, 18.44, 50.18, 1007.80, 4.25, 344, 
MQTT --- 2021/10/24__12:7:12, 18.43, 50.09, 1007.80, 4.25, 345, 
MQTT --- 2021/10/24__12:7:13, 18.43, 50.07, 1007.81, 4.25, 345, 
MQTT --- 2021/10/24__12:7:14, 18.42, 50.11, 1007.80, 4.03, 343, 
MQTT --- 2021/10/24__12:7:15, 18.42, 50.14, 1007.80, 3.59, 343, 
MQTT --- 2021/10/24__12:7:16, 18.41, 50.14, 1007.78, 3.15, 343, 
MQTT --- 2021/10/24__12:7:17, 18.41, 50.15, 1007.82, 3.15, 343, 
MQTT --- 2021/10/24__12:7:18, 18.40, 50.28, 1007.81, 3.15, 343, 
MQTT --- 2021/10/24__12:7:19, 18.40, 50.38, 1007.81, 3.15, 343, 
MQTT --- 2021/10/24__12:7:20, 18.41, 50.52, 1007.83, 3.15, 343, 
MQTT --- 2021/10/24__12:7:21, 18.42, 50.66, 1007.83, 2.49, 342, 
MQTT --- 2021/10/24__12:7:22, 18.42, 50.75, 1007.81, 2.49, 340, 
MQTT --- 2021/10/24__12:7:23, 18.43, 50.84, 1007.84, 2.05, 342, 
MQTT --- 2021/10/24__12:7:24, 18.43, 50.87, 1007.84, 1.83, 340, 
MQTT --- 2021/10/24__12:7:25, 18.44, 50.87, 1007.84, 1.17, 344, 
MQTT --- 2021/10/24__12:7:26, 18.45, 50.94, 1007.85, 2.05, 341, 
MQTT --- 2021/10/24__12:7:27, 18.45, 50.81, 1007.81, 2.05, 350, 
MQTT --- 2021/10/24__12:7:28, 18.47, 50.73, 1007.85, 3.59, 344, 
MQTT --- 2021/10/24__12:7:29, 18.47, 50.46, 1007.81, 4.69, 332, 
MQTT --- 2021/10/24__12:7:30, 18.48, 50.35, 1007.81, 5.14, 339, 
MQTT --- 2021/10/24__12:7:31, 18.49, 50.44, 1007.83, 5.14, 340, 
MQTT --- 2021/10/24__12:7:32, 18.50, 50.53, 1007.81, 6.02, 342, 
MQTT --- 2021/10/24__12:7:33, 18.50, 50.56, 1007.80, 8.00, 347, 
MQTT --- 2021/10/24__12:7:34, 18.50, 50.54, 1007.82, 7.12, 350, 
MQTT --- 2021/10/24__12:7:35, 18.51, 50.53, 1007.83, 5.14, 347, 
MQTT --- 2021/10/24__12:7:36, 18.52, 50.55, 1007.81, 5.36, 345, 
MQTT --- 2021/10/24__12:7:37, 18.52, 50.45, 1007.84, 8.00, 344, 
MQTT --- 2021/10/24__12:7:38, 18.53, 50.41, 1007.80, 0.00, 334, 
MQTT --- 2021/10/24__12:7:39, 18.56, 50.36, 1007.85, 5.80, 347, 
MQTT --- 2021/10/24__12:7:40, 18.55, 50.40, 1007.81, 6.02, 351, 
MQTT --- 2021/10/24__12:7:41, 18.56, 50.39, 1007.83, 32.40, 350, 
MQTT --- 2021/10/24__12:7:42, 18.54, 50.33, 1007.82, 32.40, 1, 
MQTT --- 2021/10/24__12:7:43, 18.51, 50.36, 1007.82, 32.40, 2, 
MQTT --- 2021/10/24__12:7:44, 18.48, 50.35, 1007.79, 32.40, 6, 
MQTT --- 2021/10/24__12:7:45, 18.45, 50.36, 1007.78, 32.40, 5, 
MQTT --- 2021/10/24__12:7:46, 18.41, 50.39, 1007.82, 32.40, 9, 
MQTT --- 2021/10/24__12:7:47, 18.37, 50.40, 1007.77, 32.40, 33, 
MQTT --- 2021/10/24__12:7:48, 18.37, 50.43, 1007.78, 32.40, 38, 
MQTT --- 2021/10/24__12:7:49, 18.36, 50.63, 1007.79, 0.00, 38, 
MQTT --- 2021/10/24__12:7:50, 18.30, 50.58, 1007.81, 0.07, 37, 
MQTT --- 2021/10/24__12:7:51, 18.27, 50.55, 1007.81, 0.00, 43, 
MQTT --- 2021/10/24__12:7:52, 18.28, 50.59, 1007.78, 0.00, 44, 
MQTT --- 2021/10/24__12:7:53, 18.29, 50.72, 1007.83, 0.00, 45, 
MQTT --- 2021/10/24__12:7:54, 18.27, 50.83, 1007.81, 2.05, 45, 
MQTT --- 2021/10/24__12:7:55, 18.28, 50.91, 1007.80, 2.05, 46, 
MQTT --- 2021/10/24__12:7:56, 18.27, 51.03, 1007.83, 1.39, 46, 
MQTT --- 2021/10/24__12:7:57, 18.28, 51.04, 1007.83, 1.39, 45, 
MQTT --- 2021/10/24__12:7:58, 18.28, 51.03, 1007.82, 1.61, 45, 
MQTT --- 2021/10/24__12:7:59, 18.27, 50.89, 1007.78, 1.61, 45, 
MQTT --- 2021/10/24__12:8:0, 18.28, 50.77, 1007.80, 0.07, 45, 
MQTT --- 2021/10/24__12:8:1, 18.29, 50.79, 1007.83, 0.73, 44, 
MQTT --- 2021/10/24__12:8:2, 18.28, 50.84, 1007.81, 0.73, 45, 
MQTT --- 2021/10/24__12:8:3, 18.30, 50.92, 1007.82, 0.07, 45, 
MQTT --- 2021/10/24__12:8:4, 18.30, 51.03, 1007.83, 0.07, 45, 
MQTT --- 2021/10/24__12:8:5, 18.30, 51.14, 1007.80, 1.39, 42, 
MQTT --- 2021/10/24__12:8:6, 18.31, 51.13, 1007.84, 0.95, 38, 
MQTT --- 2021/10/24__12:8:7, 18.31, 51.10, 1007.79, 2.05, 12, 
MQTT --- 2021/10/24__12:8:8, 18.31, 51.10, 1007.82, 1.61, 10, 
MQTT --- 2021/10/24__12:8:9, 18.30, 50.89, 1007.81, 2.27, 10, 
MQTT --- 2021/10/24__12:8:10, 18.30, 50.81, 1007.81, 3.15, 8, 
MQTT --- 2021/10/24__12:8:11, 18.30, 50.74, 1007.84, 4.03, 8, 
MQTT --- 2021/10/24__12:8:12, 18.29, 50.73, 1007.80, 5.80, 3, 
MQTT --- 2021/10/24__12:8:13, 18.29, 50.78, 1007.80, 32.40, 1, 
MQTT --- 2021/10/24__12:8:14, 18.30, 50.86, 1007.82, 32.40, 2, 
MQTT --- 2021/10/24__12:8:15, 18.30, 50.90, 1007.80, 32.40, 359, 
MQTT --- 2021/10/24__12:8:16, 18.30, 50.96, 1007.84, 32.40, 357, 
MQTT --- 2021/10/24__12:8:17, 18.30, 50.98, 1007.81, 32.40, 355, 
MQTT --- 2021/10/24__12:8:18, 18.29, 50.93, 1007.83, 32.40, 353, 
MQTT --- 2021/10/24__12:8:19, 18.30, 50.99, 1007.81, 32.40, 351, 
MQTT --- 2021/10/24__12:8:20, 18.30, 51.01, 1007.82, 32.40, 333, 
MQTT --- 2021/10/24__12:8:21, 18.31, 50.94, 1007.79, 32.40, 329, 
MQTT --- 2021/10/24__12:8:22, 18.32, 50.78, 1007.79, 32.40, 327, 
MQTT --- 2021/10/24__12:8:23, 18.33, 50.69, 1007.80, 32.40, 326, 
MQTT --- 2021/10/24__12:8:24, 18.34, 50.72, 1007.82, 32.40, 327, 
MQTT --- 2021/10/24__12:8:25, 18.35, 50.77, 1007.81, 32.40, 327, 
MQTT --- 2021/10/24__12:8:26, 18.37, 50.85, 1007.82, 32.40, 331, 
MQTT --- 2021/10/24__12:8:27, 18.37, 50.86, 1007.81, 32.40, 356, 
MQTT --- 2021/10/24__12:8:28, 18.36, 50.70, 1007.80, 32.40, 355, 
MQTT --- 2021/10/24__12:8:29, 18.37, 50.47, 1007.81, 32.40, 357, 
MQTT --- 2021/10/24__12:8:30, 18.36, 50.31, 1007.78, 32.40, 356, 
MQTT --- 2021/10/24__12:8:31, 18.37, 50.28, 1007.80, 32.40, 357, 
MQTT --- 2021/10/24__12:8:32, 18.34, 50.17, 1007.79, 32.40, 356, 
MQTT --- 2021/10/24__12:8:33, 18.33, 50.06, 1007.76, 32.40, 356, 
MQTT --- 2021/10/24__12:8:34, 18.32, 50.00, 1007.76, 32.40, 358, 
MQTT --- 2021/10/24__12:8:35, 18.34, 50.07, 1007.81, 32.40, 353, 
MQTT --- 2021/10/24__12:8:36, 18.33, 50.14, 1007.81, 32.40, 356, 
MQTT --- 2021/10/24__12:8:37, 18.33, 50.17, 1007.80, 32.40, 356, 
MQTT --- 2021/10/24__12:8:38, 18.31, 50.10, 1007.78, 32.40, 354, 
MQTT --- 2021/10/24__12:8:39, 18.30, 50.04, 1007.79, 32.40, 355, 
MQTT --- 2021/10/24__12:8:40, 18.30, 49.98, 1007.81, 32.40, 355, 
MQTT --- 2021/10/24__12:8:41, 18.29, 49.99, 1007.79, 32.40, 356, 
MQTT --- 2021/10/24__12:8:42, 18.28, 49.98, 1007.80, 32.40, 356, 
MQTT --- 2021/10/24__12:8:43, 18.28, 50.08, 1007.79, 32.40, 355, 
MQTT --- 2021/10/24__12:8:44, 18.29, 50.11, 1007.79, 32.40, 357, 
MQTT --- 2021/10/24__12:8:45, 18.27, 50.14, 1007.79, 32.40, 357, 
MQTT --- 2021/10/24__12:8:46, 18.28, 50.22, 1007.80, 32.40, 0, 
MQTT --- 2021/10/24__12:8:47, 18.27, 50.27, 1007.77, 32.40, 11, 
MQTT --- 2021/10/24__12:8:48, 18.26, 50.30, 1007.82, 32.40, 10, 
MQTT --- 2021/10/24__12:8:49, 18.26, 50.33, 1007.78, 32.40, 16, 
MQTT --- 2021/10/24__12:8:50, 18.24, 50.30, 1007.78, 32.40, 25, 
MQTT --- 2021/10/24__12:8:51, 18.20, 50.24, 1007.79, 32.40, 25, 
MQTT --- 2021/10/24__12:8:52, 18.18, 50.26, 1007.78, 32.40, 26, 
MQTT --- 2021/10/24__12:8:53, 18.18, 50.30, 1007.77, 32.40, 26, 
MQTT --- 2021/10/24__12:8:54, 18.16, 50.32, 1007.76, 32.40, 27, 
MQTT --- 2021/10/24__12:8:55, 18.13, 50.34, 1007.79, 32.40, 28, 
MQTT --- 2021/10/24__12:8:56, 18.14, 50.41, 1007.78, 32.40, 27, 
MQTT --- 2021/10/24__12:8:57, 18.15, 50.51, 1007.77, 32.40, 28, 
MQTT --- 2021/10/24__12:8:58, 18.15, 50.65, 1007.75, 32.40, 29, 
MQTT --- 2021/10/24__12:8:59, 18.15, 50.77, 1007.77, 32.40, 30, 
MQTT --- 2021/10/24__12:9:0, 18.15, 50.79, 1007.76, 32.40, 29, 
MQTT --- 2021/10/24__12:9:1, 18.16, 50.90, 1007.78, 32.40, 26, 
MQTT --- 2021/10/24__12:9:2, 18.16, 50.97, 1007.77, 32.40, 29, 
MQTT --- 2021/10/24__12:9:3, 18.17, 51.03, 1007.79, 32.40, 28, 
MQTT --- 2021/10/24__12:9:4, 18.18, 51.03, 1007.78, 32.40, 26, 
MQTT --- 2021/10/24__12:9:5, 18.18, 50.99, 1007.81, 32.40, 25, 
MQTT --- 2021/10/24__12:9:6, 18.19, 50.95, 1007.79, 32.40, 27, 
MQTT --- 2021/10/24__12:9:7, 18.18, 50.91, 1007.78, 32.40, 10, 
MQTT --- 2021/10/24__12:9:8, 18.19, 50.96, 1007.80, 32.40, 13, 
MQTT --- 2021/10/24__12:9:9, 18.20, 51.05, 1007.83, 32.40, 13, 
MQTT --- 2021/10/24__12:9:10, 18.22, 51.16, 1007.81, 32.40, 12, 
MQTT --- 2021/10/24__12:9:11, 18.23, 51.27, 1007.82, 32.40, 345, 
MQTT --- 2021/10/24__12:9:12, 18.24, 51.32, 1007.80, 32.40, 343, 
MQTT --- 2021/10/24__12:9:13, 18.25, 51.36, 1007.79, 32.40, 341, 
MQTT --- 2021/10/24__12:9:14, 18.27, 51.39, 1007.78, 32.40, 341, 
MQTT --- 2021/10/24__12:9:15, 18.30, 51.41, 1007.81, 32.40, 353, 
MQTT --- 2021/10/24__12:9:16, 18.32, 51.43, 1007.83, 32.40, 21, 
MQTT --- 2021/10/24__12:9:17, 18.34, 51.46, 1007.83, 32.40, 20, 
MQTT --- 2021/10/24__12:9:18, 18.35, 51.53, 1007.81, 32.40, 21, 
MQTT --- 2021/10/24__12:9:19, 18.37, 51.41, 1007.82, 32.40, 21, 
MQTT --- 2021/10/24__12:9:20, 18.39, 51.33, 1007.82, 32.40, 21, 
MQTT --- 2021/10/24__12:9:21, 18.40, 51.43, 1007.81, 32.40, 23, 
MQTT --- 2021/10/24__12:9:22, 18.41, 51.35, 1007.82, 32.40, 27, 
MQTT --- 2021/10/24__12:9:23, 18.44, 51.27, 1007.82, 32.40, 29, 
MQTT --- 2021/10/24__12:9:24, 18.45, 51.35, 1007.83, 32.40, 30, 
MQTT --- 2021/10/24__12:9:25, 18.47, 51.32, 1007.84, 32.40, 29, 
MQTT --- 2021/10/24__12:9:26, 18.49, 51.35, 1007.83, 32.40, 27, 
MQTT --- 2021/10/24__12:9:27, 18.50, 51.40, 1007.86, 32.40, 27, 
MQTT --- 2021/10/24__12:9:28, 18.53, 51.46, 1007.84, 32.40, 24, 
MQTT --- 2021/10/24__12:9:29, 18.54, 51.52, 1007.82, 32.40, 23, 
MQTT --- 2021/10/24__12:9:30, 18.56, 51.55, 1007.84, 32.40, 23, 
MQTT --- 2021/10/24__12:9:31, 18.58, 51.59, 1007.84, 32.40, 23, 
MQTT --- 2021/10/24__12:9:32, 18.60, 51.63, 1007.84, 32.40, 22, 
MQTT --- 2021/10/24__12:9:33, 18.61, 51.61, 1007.84, 32.40, 21, 
MQTT --- 2021/10/24__12:9:34, 18.63, 51.58, 1007.83, 32.40, 21, 
MQTT --- 2021/10/24__12:9:35, 18.65, 51.56, 1007.84, 32.40, 21, 
MQTT --- 2021/10/24__12:9:36, 18.66, 51.55, 1007.84, 32.40, 19, 
MQTT --- 2021/10/24__12:9:37, 18.69, 51.55, 1007.91, 32.40, 18, 
MQTT --- 2021/10/24__12:9:38, 18.70, 51.58, 1007.82, 32.40, 19, 
MQTT --- 2021/10/24__12:9:39, 18.72, 51.41, 1007.85, 32.40, 19, 
MQTT --- 2021/10/24__12:9:40, 18.73, 51.11, 1007.85, 32.40, 19, 
MQTT --- 2021/10/24__12:9:41, 18.73, 50.97, 1007.83, 32.40, 18, 
MQTT --- 2021/10/24__12:9:42, 18.74, 51.03, 1007.83, 32.40, 18, 
MQTT --- 2021/10/24__12:9:43, 18.75, 51.12, 1007.84, 32.40, 19, 
MQTT --- 2021/10/24__12:9:44, 18.75, 51.16, 1007.85, 32.40, 19, 
MQTT --- 2021/10/24__12:9:45, 18.76, 51.30, 1007.84, 32.40, 19, 
MQTT --- 2021/10/24__12:9:46, 18.79, 51.40, 1007.86, 32.40, 19, 
MQTT --- 2021/10/24__12:9:47, 18.79, 51.45, 1007.86, 32.40, 18, 
MQTT --- 2021/10/24__12:9:48, 18.80, 51.49, 1007.80, 32.40, 19, 
MQTT --- 2021/10/24__12:9:49, 18.82, 51.53, 1007.84, 32.40, 19, 
MQTT --- 2021/10/24__12:9:50, 18.83, 51.53, 1007.83, 32.40, 22, 
MQTT --- 2021/10/24__12:9:51, 18.85, 51.54, 1007.83, 32.40, 20, 
MQTT --- 2021/10/24__12:9:52, 18.86, 51.56, 1007.81, 32.40, 19, 
MQTT --- 2021/10/24__12:9:53, 18.88, 51.56, 1007.82, 32.40, 20, 
MQTT --- 2021/10/24__12:9:54, 18.89, 51.56, 1007.82, 32.40, 21, 
MQTT --- 2021/10/24__12:9:55, 18.91, 51.56, 1007.82, 32.40, 25, 
MQTT --- 2021/10/24__12:9:56, 18.92, 51.58, 1007.81, 32.40, 25, 
MQTT --- 2021/10/24__12:9:57, 18.94, 51.60, 1007.83, 32.40, 24, 
MQTT --- 2021/10/24__12:9:58, 18.96, 51.60, 1007.83, 32.40, 24, 
MQTT --- 2021/10/24__12:9:59, 18.98, 51.52, 1007.83, 32.40, 23, 
MQTT --- 2021/10/24__12:10:0, 18.99, 51.44, 1007.85, 32.40, 22, 
MQTT --- 2021/10/24__12:10:1, 19.01, 51.38, 1007.83, 32.40, 7, 
MQTT --- 2021/10/24__12:10:2, 19.03, 51.32, 1007.86, 32.40, 8, 
MQTT --- 2021/10/24__12:10:3, 19.03, 50.92, 1007.83, 32.40, 9, 
MQTT --- 2021/10/24__12:10:4, 19.05, 50.74, 1007.85, 32.40, 11, 
MQTT --- 2021/10/24__12:10:5, 19.06, 50.74, 1007.84, 32.40, 7, 
MQTT --- 2021/10/24__12:10:6, 19.06, 50.69, 1007.82, 32.40, 9, 
MQTT --- 2021/10/24__12:10:7, 19.08, 50.59, 1007.84, 32.40, 10, 
MQTT --- 2021/10/24__12:10:8, 19.07, 50.35, 1007.82, 32.40, 11, 
MQTT --- 2021/10/24__12:10:9, 19.08, 50.23, 1007.82, 32.40, 10, 
MQTT --- 2021/10/24__12:10:10, 19.08, 50.09, 1007.83, 32.40, 9, 
MQTT --- 2021/10/24__12:10:11, 19.08, 49.97, 1007.86, 32.40, 9, 
MQTT --- 2021/10/24__12:10:12, 19.09, 50.06, 1007.85, 32.40, 9, 
MQTT --- 2021/10/24__12:10:13, 19.10, 50.09, 1007.85, 32.40, 9, 
MQTT --- 2021/10/24__12:10:14, 19.09, 49.99, 1007.85, 32.40, 9, 
MQTT --- 2021/10/24__12:10:23, 19.16, 50.31, 1007.85, 32.40, 353, 
MQTT --- 2021/10/24__12:10:24, 19.16, 50.04, 1007.85, 32.40, 352, 
MQTT --- 2021/10/24__12:10:25, 19.15, 49.86, 1007.84, 32.40, 352, 
MQTT --- 2021/10/24__12:10:26, 19.14, 49.72, 1007.84, 32.40, 352, 
MQTT --- 2021/10/24__12:10:27, 19.13, 49.46, 1007.85, 32.40, 353, 
MQTT --- 2021/10/24__12:10:28, 19.13, 49.28, 1007.89, 32.40, 353, 
MQTT --- 2021/10/24__12:10:29, 19.12, 49.20, 1007.86, 32.40, 354, 
MQTT --- 2021/10/24__12:10:30, 19.11, 49.18, 1007.87, 32.40, 353, 
MQTT --- 2021/10/24__12:10:31, 19.10, 49.29, 1007.86, 32.40, 352, 
MQTT --- 2021/10/24__12:10:32, 19.10, 49.47, 1007.85, 32.40, 352, 
MQTT --- 2021/10/24__12:10:33, 19.10, 49.62, 1007.88, 32.40, 351, 
MQTT --- 2021/10/24__12:10:34, 19.10, 49.58, 1007.84, 32.40, 349, 
MQTT --- 2021/10/24__12:10:35, 19.10, 49.55, 1007.88, 32.40, 340, 
MQTT --- 2021/10/24__12:10:36, 19.12, 49.29, 1007.87, 32.40, 329, 
MQTT --- 2021/10/24__12:10:37, 19.14, 49.05, 1007.93, 32.40, 340, 
MQTT --- 2021/10/24__12:10:38, 19.13, 48.98, 1007.87, 32.40, 336, 
MQTT --- 2021/10/24__12:10:39, 19.15, 48.99, 1007.88, 32.40, 329, 
MQTT --- 2021/10/24__12:10:40, 19.14, 48.97, 1007.86, 32.40, 325, 
MQTT --- 2021/10/24__12:10:41, 19.15, 48.96, 1007.85, 32.40, 335, 
MQTT --- 2021/10/24__12:10:42, 19.15, 49.01, 1007.84, 32.40, 344, 
MQTT --- 2021/10/24__12:10:43, 19.16, 49.04, 1007.87, 32.40, 343, 
MQTT --- 2021/10/24__12:10:44, 19.16, 49.14, 1007.84, 32.40, 339, 
MQTT --- 2021/10/24__12:10:45, 19.16, 49.27, 1007.87, 32.40, 337, 
MQTT --- 2021/10/24__12:10:46, 19.16, 49.38, 1007.85, 32.40, 338, 
MQTT --- 2021/10/24__12:10:47, 19.17, 49.40, 1007.86, 32.40, 347, 
MQTT --- 2021/10/24__12:10:48, 19.17, 49.46, 1007.87, 32.40, 345, 
MQTT --- 2021/10/24__12:10:49, 19.18, 49.54, 1007.86, 32.40, 346, 
MQTT --- 2021/10/24__12:10:50, 19.16, 49.17, 1007.86, 32.40, 345, 
MQTT --- 2021/10/24__12:10:51, 19.15, 49.01, 1007.87, 32.40, 344, 
MQTT --- 2021/10/24__12:10:52, 19.14, 48.87, 1007.88, 32.40, 349, 
MQTT --- 2021/10/24__12:10:53, 19.12, 48.84, 1007.88, 32.40, 348, 
MQTT --- 2021/10/24__12:10:54, 19.10, 48.80, 1007.88, 32.40, 354, 
MQTT --- 2021/10/24__12:10:55, 19.08, 48.79, 1007.85, 32.40, 356, 
MQTT --- 2021/10/24__12:10:56, 19.07, 48.89, 1007.86, 32.40, 355, 
MQTT --- 2021/10/24__12:10:57, 19.06, 49.04, 1007.86, 32.40, 355, 
MQTT --- 2021/10/24__12:10:58, 19.06, 49.10, 1007.86, 32.40, 354, 
MQTT --- 2021/10/24__12:10:59, 19.06, 49.12, 1007.85, 32.40, 331, 
MQTT --- 2021/10/24__12:11:0, 19.05, 49.11, 1007.86, 32.40, 337, 
MQTT --- 2021/10/24__12:11:1, 19.05, 49.09, 1007.85, 32.40, 334, 
MQTT --- 2021/10/24__12:11:2, 19.07, 49.00, 1007.87, 32.40, 328, 
MQTT --- 2021/10/24__12:11:4, 19.07, 49.00, 1007.88, 32.40, 328, 
MQTT --- 2021/10/24__12:11:5, 19.07, 49.07, 1007.83, 32.40, 350, 
MQTT --- 2021/10/24__12:11:6, 19.06, 49.10, 1007.85, 32.40, 350, 
MQTT --- 2021/10/24__12:11:7, 19.08, 49.20, 1007.86, 32.40, 351, 
MQTT --- 2021/10/24__12:11:8, 19.09, 49.28, 1007.87, 32.40, 349, 
MQTT --- 2021/10/24__12:11:9, 19.07, 49.24, 1007.85, 32.40, 353, 
MQTT --- 2021/10/24__12:11:10, 19.09, 49.13, 1007.87, 32.40, 348, 
MQTT --- 2021/10/24__12:11:11, 19.07, 48.93, 1007.83, 32.40, 349, 
MQTT --- 2021/10/24__12:11:12, 19.06, 48.76, 1007.85, 32.40, 351, 
MQTT --- 2021/10/24__12:11:13, 19.05, 48.66, 1007.85, 32.40, 0, 
MQTT --- 2021/10/24__12:11:14, 19.02, 48.57, 1007.87, 32.40, 4, 
MQTT --- 2021/10/24__12:11:15, 18.97, 48.54, 1007.81, 32.40, 2, 
MQTT --- 2021/10/24__12:11:16, 18.96, 48.59, 1007.86, 32.40, 3, 
MQTT --- 2021/10/24__12:11:17, 18.93, 48.64, 1007.83, 32.40, 2, 
MQTT --- 2021/10/24__12:11:18, 18.90, 48.68, 1007.83, 32.40, 1, 
MQTT --- 2021/10/24__12:11:19, 18.88, 48.81, 1007.84, 32.40, 0, 
MQTT --- 2021/10/24__12:11:20, 18.90, 49.00, 1007.90, 32.40, 338, 
MQTT --- 2021/10/24__12:11:21, 18.89, 49.06, 1007.87, 32.40, 333, 
MQTT --- 2021/10/24__12:11:22, 18.89, 48.96, 1007.84, 32.40, 334, 
MQTT --- 2021/10/24__12:11:23, 18.89, 49.00, 1007.87, 32.40, 335, 
MQTT --- 2021/10/24__12:11:24, 18.90, 48.96, 1007.84, 32.40, 321, 
MQTT --- 2021/10/24__12:11:25, 18.90, 48.96, 1007.87, 32.40, 344, 
MQTT --- 2021/10/24__12:11:26, 18.90, 49.01, 1007.83, 32.40, 348, 
MQTT --- 2021/10/24__12:11:27, 18.89, 49.07, 1007.84, 32.40, 351, 
MQTT --- 2021/10/24__12:11:28, 18.88, 49.14, 1007.79, 32.40, 342, 
MQTT --- 2021/10/24__12:11:29, 18.90, 49.17, 1007.82, 32.40, 341, 
MQTT --- 2021/10/24__12:11:30, 18.91, 49.21, 1007.87, 32.40, 336, 
MQTT --- 2021/10/24__12:11:31, 18.92, 49.32, 1007.86, 32.40, 339, 
MQTT --- 2021/10/24__12:11:32, 18.92, 49.34, 1007.82, 32.40, 342, 
MQTT --- 2021/10/24__12:11:33, 18.94, 49.38, 1007.88, 32.40, 349, 
MQTT --- 2021/10/24__12:11:34, 18.94, 49.40, 1007.86, 32.40, 281, 
MQTT --- 2021/10/24__12:11:42, 18.96, 49.14, 1007.86, 32.40, 302, 
MQTT --- 2021/10/24__12:11:43, 18.96, 49.10, 1007.85, 32.40, 301, 
MQTT --- 2021/10/24__12:11:44, 18.97, 49.13, 1007.88, 32.40, 300, 
MQTT --- 2021/10/24__12:11:45, 18.96, 49.08, 1007.84, 32.40, 300, 
MQTT --- 2021/10/24__12:11:46, 18.96, 49.00, 1007.88, 32.40, 298, 
MQTT --- 2021/10/24__12:11:47, 18.96, 49.10, 1007.89, 32.40, 295, 
MQTT --- 2021/10/24__12:11:48, 18.95, 49.23, 1007.88, 32.40, 291, 
MQTT --- 2021/10/24__12:11:49, 18.95, 49.34, 1007.87, 32.40, 286, 
MQTT --- 2021/10/24__12:11:50, 18.94, 49.45, 1007.86, 32.40, 286, 
MQTT --- 2021/10/24__12:11:51, 18.96, 49.56, 1007.84, 32.40, 285, 
MQTT --- 2021/10/24__12:11:52, 18.96, 49.67, 1007.85, 32.40, 286, 
MQTT --- 2021/10/24__12:11:53, 18.96, 49.75, 1007.86, 32.40, 284, 
MQTT --- 2021/10/24__12:11:54, 18.96, 49.84, 1007.86, 32.40, 284, 
MQTT --- 2021/10/24__12:11:55, 18.97, 49.90, 1007.85, 32.40, 285, 
MQTT --- 2021/10/24__12:11:56, 18.97, 49.99, 1007.84, 32.40, 284, 
MQTT --- 2021/10/24__12:11:57, 18.99, 50.06, 1007.85, 32.40, 285, 
MQTT --- 2021/10/24__12:11:58, 19.01, 50.14, 1007.86, 32.40, 285, 
MQTT --- 2021/10/24__12:11:59, 19.02, 50.21, 1007.86, 32.40, 284, 
MQTT --- 2021/10/24__12:12:0, 19.04, 50.26, 1007.89, 32.40, 281, 
MQTT --- 2021/10/24__12:12:1, 19.05, 50.30, 1007.89, 32.40, 284, 
MQTT --- 2021/10/24__12:12:2, 19.06, 50.29, 1007.86, 32.40, 283, 
MQTT --- 2021/10/24__12:12:3, 19.06, 50.09, 1007.86, 32.40, 283, 
MQTT --- 2021/10/24__12:12:4, 19.08, 50.14, 1007.85, 32.40, 285, 
MQTT --- 2021/10/24__12:12:5, 19.09, 50.15, 1007.89, 32.40, 284, 
MQTT --- 2021/10/24__12:12:6, 19.10, 50.08, 1007.87, 32.40, 285, 
MQTT --- 2021/10/24__12:12:7, 19.10, 50.18, 1007.85, 32.40, 283, 
MQTT --- 2021/10/24__12:12:8, 19.12, 50.28, 1007.86, 32.40, 283, 
MQTT --- 2021/10/24__12:12:9, 19.14, 50.26, 1007.89, 32.40, 283, 
MQTT --- 2021/10/24__12:12:10, 19.14, 50.23, 1007.87, 32.40, 283, 
MQTT --- 2021/10/24__12:12:11, 19.14, 49.92, 1007.87, 32.40, 285, 
MQTT --- 2021/10/24__12:12:12, 19.14, 49.85, 1007.87, 32.40, 283, 
MQTT --- 2021/10/24__12:12:13, 19.14, 49.90, 1007.84, 32.40, 285, 
MQTT --- 2021/10/24__12:12:14, 19.16, 49.98, 1007.88, 32.40, 285, 
MQTT --- 2021/10/24__12:12:15, 19.16, 50.07, 1007.88, 32.40, 284, 
MQTT --- 2021/10/24__12:12:16, 19.18, 50.18, 1007.89, 32.40, 283, 
MQTT --- 2021/10/24__12:12:17, 19.18, 50.28, 1007.89, 32.40, 283, 
MQTT --- 2021/10/24__12:12:18, 19.19, 50.37, 1007.89, 32.40, 283, 
MQTT --- 2021/10/24__12:12:19, 19.20, 50.09, 1007.88, 32.40, 284, 
MQTT --- 2021/10/24__12:12:20, 19.22, 49.95, 1007.91, 32.40, 282, 
MQTT --- 2021/10/24__12:12:21, 19.22, 49.86, 1007.88, 32.40, 282, 
MQTT --- 2021/10/24__12:12:22, 19.23, 49.74, 1007.85, 32.40, 281, 
MQTT --- 2021/10/24__12:12:23, 19.23, 49.61, 1007.86, 32.40, 282, 
MQTT --- 2021/10/24__12:12:24, 19.23, 49.67, 1007.87, 32.40, 283, 
MQTT --- 2021/10/24__12:12:25, 19.25, 49.78, 1007.89, 32.40, 284, 
MQTT --- 2021/10/24__12:12:26, 19.26, 49.92, 1007.89, 32.40, 284, 
MQTT --- 2021/10/24__12:12:27, 19.27, 50.08, 1007.89, 32.40, 283, 
MQTT --- 2021/10/24__12:12:28, 19.27, 50.16, 1007.88, 32.40, 283, 
MQTT --- 2021/10/24__12:12:29, 19.28, 50.09, 1007.86, 32.40, 282, 
MQTT --- 2021/10/24__12:12:30, 19.30, 50.05, 1007.88, 32.40, 283, 
MQTT --- 2021/10/24__12:12:31, 19.32, 50.07, 1007.91, 32.40, 283, 
MQTT --- 2021/10/24__12:12:32, 19.32, 50.02, 1007.87, 32.40, 283, 
MQTT --- 2021/10/24__12:12:33, 19.32, 50.04, 1007.88, 32.40, 283, 
MQTT --- 2021/10/24__12:12:34, 19.35, 50.08, 1007.90, 32.40, 282, 
MQTT --- 2021/10/24__12:12:35, 19.36, 50.12, 1007.87, 32.40, 283, 
MQTT --- 2021/10/24__12:12:36, 19.37, 50.16, 1007.89, 32.40, 284, 
MQTT --- 2021/10/24__12:12:37, 19.38, 50.09, 1007.90, 32.40, 284, 
MQTT --- 2021/10/24__12:12:38, 19.39, 49.89, 1007.90, 32.40, 284, 
MQTT --- 2021/10/24__12:12:39, 19.40, 49.92, 1007.89, 32.40, 284, 
MQTT --- 2021/10/24__12:12:40, 19.42, 50.00, 1007.91, 32.40, 283, 
MQTT --- 2021/10/24__12:12:41, 19.42, 50.06, 1007.87, 32.40, 283, 
MQTT --- 2021/10/24__12:12:42, 19.43, 50.10, 1007.86, 32.40, 282, 
MQTT --- 2021/10/24__12:12:43, 19.44, 50.15, 1007.84, 32.40, 284, 
MQTT --- 2021/10/24__12:12:44, 19.45, 50.14, 1007.83, 32.40, 283, 
MQTT --- 2021/10/24__12:12:45, 19.46, 50.14, 1007.82, 32.40, 283, 
MQTT --- 2021/10/24__12:12:46, 19.48, 50.14, 1007.86, 32.40, 282, 
MQTT --- 2021/10/24__12:12:47, 19.49, 50.01, 1007.85, 32.40, 283, 
MQTT --- 2021/10/24__12:12:48, 19.50, 49.80, 1007.83, 32.40, 284, 
MQTT --- 2021/10/24__12:12:49, 19.51, 49.50, 1007.81, 32.40, 283, 
MQTT --- 2021/10/24__12:12:50, 19.51, 49.34, 1007.82, 32.40, 283, 
MQTT --- 2021/10/24__12:12:51, 19.51, 49.35, 1007.80, 32.40, 283, 
MQTT --- 2021/10/24__12:12:52, 19.52, 49.43, 1007.82, 32.40, 282, 
MQTT --- 2021/10/24__12:12:53, 19.53, 49.47, 1007.82, 32.40, 285, 
MQTT --- 2021/10/24__12:12:54, 19.53, 49.52, 1007.81, 32.40, 284, 
MQTT --- 2021/10/24__12:12:55, 19.54, 49.46, 1007.83, 32.40, 283, 
MQTT --- 2021/10/24__12:12:56, 19.55, 49.39, 1007.86, 32.40, 283, 
MQTT --- 2021/10/24__12:12:57, 19.54, 49.48, 1007.84, 32.40, 283, 
MQTT --- 2021/10/24__12:12:58, 19.54, 49.41, 1007.84, 32.40, 283, 
timeStamp, Temperature, Pressure, Humidity, Wind_Speed, Wind_Direction 
MQTT --- 2021/10/24__12:18:44, 19.99, 47.66, 1007.74, 32.40, 281, 
MQTT --- 2021/10/24__12:18:45, 20.00, 47.71, 1007.76, 32.40, 280, 
MQTT --- 2021/10/24__12:18:46, 20.01, 47.89, 1007.76, 32.40, 282, 
MQTT --- 2021/10/24__12:18:47, 20.02, 48.24, 1007.74, 32.40, 281, 
MQTT --- 2021/10/24__12:18:48, 20.02, 48.45, 1007.76, 32.40, 281, 
MQTT --- 2021/10/24__12:18:49, 20.03, 48.56, 1007.76, 32.40, 281, 
MQTT --- 2021/10/24__12:18:50, 20.02, 48.63, 1007.71, 32.40, 279, 
MQTT --- 2021/10/24__12:18:51, 20.04, 48.69, 1007.73, 32.40, 280, 
MQTT --- 2021/10/24__12:18:52, 20.04, 48.72, 1007.75, 32.40, 282, 
MQTT --- 2021/10/24__12:18:53, 20.06, 48.72, 1007.78, 32.40, 279, 
MQTT --- 2021/10/24__12:18:54, 20.05, 48.73, 1007.74, 32.40, 281, 
MQTT --- 2021/10/24__12:18:55, 20.06, 48.73, 1007.74, 32.40, 278, 
MQTT --- 2021/10/24__12:18:56, 20.07, 48.73, 1007.78, 32.40, 278, 
MQTT --- 2021/10/24__12:18:57, 20.07, 48.73, 1007.75, 32.40, 279, 
MQTT --- 2021/10/24__12:18:58, 20.07, 48.72, 1007.78, 32.40, 278, 
MQTT --- 2021/10/24__12:18:59, 20.06, 48.72, 1007.75, 32.40, 280, 
MQTT --- 2021/10/24__12:19:0, 20.08, 48.71, 1007.78, 32.40, 280, 
MQTT --- 2021/10/24__12:19:1, 20.06, 48.70, 1007.74, 32.40, 278, 
MQTT --- 2021/10/24__12:19:2, 20.08, 48.68, 1007.75, 32.40, 276, 
MQTT --- 2021/10/24__12:19:3, 20.09, 48.68, 1007.77, 9.76, 277, 
MQTT --- 2021/10/24__12:19:4, 20.07, 48.68, 1007.73, 32.40, 275, 
MQTT --- 2021/10/24__12:19:5, 20.10, 48.68, 1007.75, 32.40, 275, 
MQTT --- 2021/10/24__12:19:6, 20.08, 48.65, 1007.74, 32.40, 277, 
MQTT --- 2021/10/24__12:19:7, 20.10, 48.64, 1007.72, 32.40, 277, 
MQTT --- 2021/10/24__12:19:8, 20.10, 48.63, 1007.77, 0.00, 277, 
MQTT --- 2021/10/24__12:19:9, 20.10, 48.60, 1007.75, 0.00, 276, 
MQTT --- 2021/10/24__12:19:10, 20.12, 48.61, 1007.77, 0.00, 276, 
MQTT --- 2021/10/24__12:19:11, 20.12, 48.62, 1007.77, 0.00, 275, 
MQTT --- 2021/10/24__12:19:12, 20.12, 48.62, 1007.76, 0.00, 276, 
MQTT --- 2021/10/24__12:19:13, 20.12, 48.65, 1007.75, 0.00, 277, 
MQTT --- 2021/10/24__12:19:14, 20.13, 48.56, 1007.78, 0.00, 277, 
MQTT --- 2021/10/24__12:19:15, 20.12, 48.02, 1007.77, 0.00, 275, 
MQTT --- 2021/10/24__12:19:16, 20.09, 47.54, 1007.73, 0.00, 274, 
MQTT --- 2021/10/24__12:19:17, 20.09, 47.23, 1007.74, 0.00, 276, 
MQTT --- 2021/10/24__12:19:18, 20.10, 47.00, 1007.76, 0.00, 274, 
MQTT --- 2021/10/24__12:19:19, 19.99, 46.76, 1007.60, 0.00, 276, 
MQTT --- 2021/10/24__12:19:20, 20.09, 46.79, 1007.77, 0.00, 275, 
MQTT --- 2021/10/24__12:19:21, 20.04, 47.01, 1007.68, 1.39, 276, 
MQTT --- 2021/10/24__12:19:22, 20.07, 47.19, 1007.76, 2.05, 277, 
MQTT --- 2021/10/24__12:19:23, 20.06, 47.35, 1007.72, 1.83, 276, 
MQTT --- 2021/10/24__12:19:24, 20.06, 47.30, 1007.74, 1.61, 275, 
MQTT --- 2021/10/24__12:19:25, 20.06, 47.28, 1007.76, 1.39, 275, 
MQTT --- 2021/10/24__12:19:26, 20.03, 47.25, 1007.72, 1.61, 276, 
MQTT --- 2021/10/24__12:19:27, 20.05, 47.11, 1007.74, 1.61, 276, 
MQTT --- 2021/10/24__12:19:28, 20.03, 46.80, 1007.74, 1.17, 275, 
MQTT --- 2021/10/24__12:19:29, 19.99, 46.60, 1007.74, 1.17, 276, 
MQTT --- 2021/10/24__12:19:30, 19.99, 46.62, 1007.75, 0.95, 275, 
MQTT --- 2021/10/24__12:19:31, 19.99, 46.76, 1007.72, 0.73, 275, 
MQTT --- 2021/10/24__12:19:32, 19.98, 46.90, 1007.72, 0.73, 276, 
MQTT --- 2021/10/24__12:19:33, 19.98, 46.90, 1007.72, 0.51, 275, 
MQTT --- 2021/10/24__12:19:34, 19.97, 46.93, 1007.75, 0.51, 276, 
MQTT --- 2021/10/24__12:19:35, 19.97, 47.04, 1007.76, 0.51, 275, 
MQTT --- 2021/10/24__12:19:36, 19.94, 47.13, 1007.70, 0.51, 274, 
MQTT --- 2021/10/24__12:19:37, 19.97, 47.23, 1007.74, 0.73, 276, 
MQTT --- 2021/10/24__12:19:38, 19.96, 47.34, 1007.74, 0.51, 275, 
MQTT --- 2021/10/24__12:19:39, 19.96, 47.42, 1007.74, 0.00, 276, 
MQTT --- 2021/10/24__12:19:40, 19.96, 47.46, 1007.73, 2.05, 276, 
MQTT --- 2021/10/24__12:19:41, 19.96, 47.51, 1007.71, 0.00, 276, 
MQTT --- 2021/10/24__12:19:42, 19.97, 47.53, 1007.74, 0.00, 275, 
MQTT --- 2021/10/24__12:19:43, 19.97, 47.57, 1007.74, 0.00, 275, 
MQTT --- 2021/10/24__12:19:44, 19.96, 47.54, 1007.73, 0.00, 277, 
MQTT --- 2021/10/24__12:19:45, 19.96, 47.48, 1007.75, 0.00, 276, 
MQTT --- 2021/10/24__12:19:46, 19.97, 47.51, 1007.75, 0.00, 276, 
MQTT --- 2021/10/24__12:19:47, 19.96, 47.56, 1007.72, 0.00, 275, 
MQTT --- 2021/10/24__12:19:48, 19.97, 47.64, 1007.79, 0.00, 276, 
MQTT --- 2021/10/24__12:19:49, 19.96, 47.70, 1007.72, 0.00, 274, 
MQTT --- 2021/10/24__12:19:50, 19.97, 47.74, 1007.76, 0.00, 275, 
MQTT --- 2021/10/24__12:19:51, 19.96, 47.74, 1007.74, 0.00, 275, 
MQTT --- 2021/10/24__12:19:52, 19.97, 47.71, 1007.77, 0.00, 278, 
MQTT --- 2021/10/24__12:19:53, 19.97, 47.72, 1007.74, 1.17, 307, 
MQTT --- 2021/10/24__12:19:54, 19.95, 47.55, 1007.73, 2.49, 310, 
MQTT --- 2021/10/24__12:19:55, 19.94, 47.47, 1007.72, 2.93, 314, 
MQTT --- 2021/10/24__12:19:56, 19.94, 47.42, 1007.74, 3.37, 316, 
MQTT --- 2021/10/24__12:19:57, 19.90, 47.44, 1007.67, 3.37, 316, 
MQTT --- 2021/10/24__12:19:58, 19.93, 47.46, 1007.77, 3.15, 313, 
MQTT --- 2021/10/24__12:19:59, 19.90, 47.47, 1007.70, 2.71, 312, 
MQTT --- 2021/10/24__12:20:0, 19.91, 47.49, 1007.73, 2.71, 313, 
MQTT --- 2021/10/24__12:20:1, 19.91, 47.50, 1007.74, 2.71, 317, 
MQTT --- 2021/10/24__12:20:2, 19.88, 47.53, 1007.72, 2.71, 313, 
MQTT --- 2021/10/24__12:20:3, 19.89, 47.53, 1007.70, 2.27, 325, 
MQTT --- 2021/10/24__12:20:4, 19.90, 47.52, 1007.72, 2.71, 329, 
MQTT --- 2021/10/24__12:20:5, 19.89, 47.53, 1007.73, 2.93, 331, 
MQTT --- 2021/10/24__12:20:6, 19.90, 47.46, 1007.74, 2.93, 331, 
MQTT --- 2021/10/24__12:20:7, 19.84, 47.32, 1007.64, 3.37, 332, 
MQTT --- 2021/10/24__12:20:8, 19.89, 47.22, 1007.73, 4.03, 334, 
MQTT --- 2021/10/24__12:20:9, 19.88, 47.21, 1007.72, 4.03, 343, 
MQTT --- 2021/10/24__12:20:10, 19.87, 47.24, 1007.74, 4.03, 343, 
MQTT --- 2021/10/24__12:20:11, 19.87, 47.28, 1007.75, 4.25, 343, 
MQTT --- 2021/10/24__12:20:12, 19.86, 47.31, 1007.72, 4.25, 345, 
MQTT --- 2021/10/24__12:20:13, 19.86, 47.36, 1007.76, 3.81, 341, 
MQTT --- 2021/10/24__12:20:14, 19.85, 47.38, 1007.74, 3.37, 341, 
MQTT --- 2021/10/24__12:20:15, 19.84, 47.30, 1007.76, 3.37, 345, 
MQTT --- 2021/10/24__12:20:16, 19.83, 47.30, 1007.76, 2.93, 343, 
MQTT --- 2021/10/24__12:20:17, 19.80, 47.30, 1007.76, 2.93, 343, 
MQTT --- 2021/10/24__12:20:18, 19.79, 47.29, 1007.76, 2.71, 341, 
MQTT --- 2021/10/24__12:20:19, 19.77, 47.29, 1007.74, 2.71, 344, 
MQTT --- 2021/10/24__12:20:20, 19.76, 47.37, 1007.77, 2.49, 342, 
MQTT --- 2021/10/24__12:20:21, 19.76, 47.45, 1007.77, 2.27, 341, 
MQTT --- 2021/10/24__12:20:22, 19.76, 47.52, 1007.76, 1.83, 342, 
MQTT --- 2021/10/24__12:20:23, 19.75, 47.59, 1007.77, 2.05, 341, 
MQTT --- 2021/10/24__12:20:24, 19.75, 47.65, 1007.76, 1.83, 341, 
MQTT --- 2021/10/24__12:20:25, 19.73, 47.70, 1007.75, 2.05, 341, 
MQTT --- 2021/10/24__12:20:26, 19.75, 47.73, 1007.76, 1.83, 341, 
MQTT --- 2021/10/24__12:20:27, 19.75, 47.76, 1007.74, 1.61, 339, 
MQTT --- 2021/10/24__12:20:28, 19.75, 47.69, 1007.76, 1.61, 342, 
MQTT --- 2021/10/24__12:20:29, 19.75, 47.61, 1007.77, 1.83, 342, 
MQTT --- 2021/10/24__12:20:30, 19.74, 47.62, 1007.75, 1.83, 344, 
MQTT --- 2021/10/24__12:20:31, 19.75, 47.53, 1007.79, 2.93, 347, 
MQTT --- 2021/10/24__12:20:32, 19.74, 47.48, 1007.74, 3.37, 338, 
MQTT --- 2021/10/24__12:20:33, 19.74, 47.43, 1007.75, 3.37, 320, 
MQTT --- 2021/10/24__12:20:34, 19.73, 47.44, 1007.77, 2.93, 321, 
MQTT --- 2021/10/24__12:20:35, 19.72, 47.47, 1007.77, 2.49, 319, 
MQTT --- 2021/10/24__12:20:36, 19.71, 47.47, 1007.78, 2.27, 321, 
MQTT --- 2021/10/24__12:20:37, 19.70, 47.40, 1007.77, 3.15, 325, 
MQTT --- 2021/10/24__12:20:38, 19.69, 47.37, 1007.74, 3.81, 325, 
MQTT --- 2021/10/24__12:20:39, 19.68, 47.36, 1007.80, 3.81, 322, 
MQTT --- 2021/10/24__12:20:40, 19.67, 47.40, 1007.78, 3.59, 320, 
MQTT --- 2021/10/24__12:20:41, 19.67, 47.45, 1007.77, 3.15, 320, 
MQTT --- 2021/10/24__12:20:42, 19.65, 47.45, 1007.77, 3.15, 320, 
MQTT --- 2021/10/24__12:20:43, 19.63, 47.44, 1007.73, 3.37, 321, 
MQTT --- 2021/10/24__12:20:44, 19.63, 47.43, 1007.76, 3.37, 321, 
MQTT --- 2021/10/24__12:20:45, 19.62, 47.43, 1007.76, 3.37, 323, 
MQTT --- 2021/10/24__12:20:46, 19.61, 47.35, 1007.75, 3.81, 325, 
MQTT --- 2021/10/24__12:20:47, 19.60, 47.35, 1007.74, 4.03, 325, 
MQTT --- 2021/10/24__12:20:48, 19.58, 47.34, 1007.77, 4.03, 329, 
MQTT --- 2021/10/24__12:20:49, 19.57, 47.33, 1007.76, 4.03, 335,
